name,value,year,lastvalue,rank
AGUASCALIENTES,1,2020-01-14,0,1.0
AGUASCALIENTES,2,2020-03-07,1,5.5
AGUASCALIENTES,3,2020-03-10,2,11.5
AGUASCALIENTES,4,2020-03-12,3,13.0
AGUASCALIENTES,5,2020-03-14,4,15.5
AGUASCALIENTES,6,2020-03-15,5,17.0
AGUASCALIENTES,8,2020-03-16,6,18.0
AGUASCALIENTES,10,2020-03-17,8,18.5
AGUASCALIENTES,14,2020-03-18,10,16.5
AGUASCALIENTES,16,2020-03-19,14,14.0
AGUASCALIENTES,18,2020-03-20,16,17.0
AGUASCALIENTES,23,2020-03-22,18,16.5
AGUASCALIENTES,32,2020-03-23,23,14.0
AGUASCALIENTES,37,2020-03-24,32,13.0
AGUASCALIENTES,42,2020-03-25,37,13.0
AGUASCALIENTES,46,2020-03-26,42,13.0
AGUASCALIENTES,52,2020-03-27,46,13.0
AGUASCALIENTES,54,2020-03-28,52,13.0
AGUASCALIENTES,57,2020-03-29,54,12.0
AGUASCALIENTES,60,2020-03-30,57,15.0
AGUASCALIENTES,61,2020-03-31,60,15.0
AGUASCALIENTES,62,2020-04-01,61,16.0
AGUASCALIENTES,64,2020-04-02,62,16.0
AGUASCALIENTES,65,2020-04-03,64,17.0
AGUASCALIENTES,67,2020-04-05,65,19.5
AGUASCALIENTES,71,2020-04-06,67,21.0
AGUASCALIENTES,74,2020-04-07,71,20.5
AGUASCALIENTES,76,2020-04-08,74,21.0
AGUASCALIENTES,79,2020-04-09,76,21.0
AGUASCALIENTES,84,2020-04-10,79,22.0
AGUASCALIENTES,90,2020-04-11,84,22.0
AGUASCALIENTES,95,2020-04-12,90,22.0
AGUASCALIENTES,101,2020-04-13,95,22.0
AGUASCALIENTES,112,2020-04-14,101,22.0
AGUASCALIENTES,122,2020-04-15,112,22.0
AGUASCALIENTES,130,2020-04-16,122,22.0
AGUASCALIENTES,141,2020-04-17,130,22.0
AGUASCALIENTES,156,2020-04-18,141,22.0
AGUASCALIENTES,163,2020-04-19,156,22.0
AGUASCALIENTES,182,2020-04-20,163,22.0
AGUASCALIENTES,188,2020-04-21,182,22.0
AGUASCALIENTES,199,2020-04-22,188,22.0
AGUASCALIENTES,216,2020-04-23,199,22.0
AGUASCALIENTES,228,2020-04-24,216,22.0
AGUASCALIENTES,237,2020-04-25,228,22.0
AGUASCALIENTES,247,2020-04-26,237,23.0
AGUASCALIENTES,275,2020-04-27,247,22.0
AGUASCALIENTES,287,2020-04-28,275,22.0
AGUASCALIENTES,303,2020-04-29,287,22.0
AGUASCALIENTES,327,2020-04-30,303,22.0
AGUASCALIENTES,337,2020-05-01,327,23.0
AGUASCALIENTES,356,2020-05-02,337,23.0
AGUASCALIENTES,367,2020-05-03,356,24.0
AGUASCALIENTES,390,2020-05-04,367,24.0
AGUASCALIENTES,412,2020-05-05,390,23.5
AGUASCALIENTES,421,2020-05-06,412,25.0
AGUASCALIENTES,439,2020-05-07,421,25.0
AGUASCALIENTES,448,2020-05-08,439,25.0
AGUASCALIENTES,456,2020-05-09,448,24.5
AGUASCALIENTES,476,2020-05-10,456,24.0
AGUASCALIENTES,506,2020-05-11,476,24.0
AGUASCALIENTES,520,2020-05-12,506,24.0
AGUASCALIENTES,541,2020-05-13,520,24.0
AGUASCALIENTES,562,2020-05-14,541,25.0
AGUASCALIENTES,583,2020-05-15,562,26.0
AGUASCALIENTES,598,2020-05-16,583,26.0
AGUASCALIENTES,615,2020-05-17,598,26.0
AGUASCALIENTES,637,2020-05-18,615,26.0
AGUASCALIENTES,658,2020-05-19,637,26.0
AGUASCALIENTES,691,2020-05-20,658,26.0
AGUASCALIENTES,723,2020-05-21,691,26.0
AGUASCALIENTES,753,2020-05-22,723,26.0
AGUASCALIENTES,774,2020-05-23,753,26.0
AGUASCALIENTES,803,2020-05-24,774,26.0
AGUASCALIENTES,840,2020-05-25,803,26.0
AGUASCALIENTES,883,2020-05-26,840,26.0
AGUASCALIENTES,909,2020-05-27,883,26.0
AGUASCALIENTES,946,2020-05-28,909,26.0
AGUASCALIENTES,974,2020-05-29,946,26.0
AGUASCALIENTES,1001,2020-05-30,974,26.0
AGUASCALIENTES,1026,2020-05-31,1001,25.0
AGUASCALIENTES,1069,2020-06-01,1026,23.0
AGUASCALIENTES,1097,2020-06-02,1069,20.0
BAJA CALIFORNIA,1,2020-01-17,0,1.0
BAJA CALIFORNIA,2,2020-02-06,1,1.0
BAJA CALIFORNIA,3,2020-02-07,2,1.0
BAJA CALIFORNIA,4,2020-03-09,3,7.0
BAJA CALIFORNIA,6,2020-03-11,4,9.0
BAJA CALIFORNIA,8,2020-03-12,6,8.0
BAJA CALIFORNIA,12,2020-03-13,8,7.5
BAJA CALIFORNIA,16,2020-03-14,12,7.5
BAJA CALIFORNIA,19,2020-03-15,16,8.0
BAJA CALIFORNIA,24,2020-03-16,19,6.5
BAJA CALIFORNIA,29,2020-03-17,24,7.0
BAJA CALIFORNIA,40,2020-03-18,29,6.0
BAJA CALIFORNIA,50,2020-03-19,40,4.0
BAJA CALIFORNIA,65,2020-03-20,50,5.0
BAJA CALIFORNIA,71,2020-03-21,65,5.0
BAJA CALIFORNIA,77,2020-03-22,71,5.0
BAJA CALIFORNIA,95,2020-03-23,77,4.0
BAJA CALIFORNIA,115,2020-03-24,95,3.0
BAJA CALIFORNIA,133,2020-03-25,115,3.0
BAJA CALIFORNIA,157,2020-03-26,133,3.0
BAJA CALIFORNIA,184,2020-03-27,157,3.0
BAJA CALIFORNIA,209,2020-03-28,184,3.0
BAJA CALIFORNIA,246,2020-03-29,209,3.0
BAJA CALIFORNIA,287,2020-03-30,246,3.0
BAJA CALIFORNIA,320,2020-03-31,287,3.0
BAJA CALIFORNIA,373,2020-04-01,320,3.0
BAJA CALIFORNIA,437,2020-04-02,373,3.0
BAJA CALIFORNIA,486,2020-04-03,437,3.0
BAJA CALIFORNIA,536,2020-04-04,486,3.0
BAJA CALIFORNIA,582,2020-04-05,536,3.0
BAJA CALIFORNIA,637,2020-04-06,582,3.0
BAJA CALIFORNIA,690,2020-04-07,637,3.0
BAJA CALIFORNIA,765,2020-04-08,690,3.0
BAJA CALIFORNIA,848,2020-04-09,765,3.0
BAJA CALIFORNIA,957,2020-04-10,848,3.0
BAJA CALIFORNIA,1033,2020-04-11,957,3.0
BAJA CALIFORNIA,1123,2020-04-12,1033,3.0
BAJA CALIFORNIA,1196,2020-04-13,1123,3.0
BAJA CALIFORNIA,1280,2020-04-14,1196,3.0
BAJA CALIFORNIA,1358,2020-04-15,1280,3.0
BAJA CALIFORNIA,1428,2020-04-16,1358,3.0
BAJA CALIFORNIA,1519,2020-04-17,1428,3.0
BAJA CALIFORNIA,1600,2020-04-18,1519,3.0
BAJA CALIFORNIA,1695,2020-04-19,1600,3.0
BAJA CALIFORNIA,1813,2020-04-20,1695,3.0
BAJA CALIFORNIA,1892,2020-04-21,1813,3.0
BAJA CALIFORNIA,1996,2020-04-22,1892,3.0
BAJA CALIFORNIA,2064,2020-04-23,1996,3.0
BAJA CALIFORNIA,2137,2020-04-24,2064,3.0
BAJA CALIFORNIA,2230,2020-04-25,2137,3.0
BAJA CALIFORNIA,2325,2020-04-26,2230,3.0
BAJA CALIFORNIA,2415,2020-04-27,2325,3.0
BAJA CALIFORNIA,2502,2020-04-28,2415,3.0
BAJA CALIFORNIA,2570,2020-04-29,2502,3.0
BAJA CALIFORNIA,2677,2020-04-30,2570,3.0
BAJA CALIFORNIA,2830,2020-05-01,2677,3.0
BAJA CALIFORNIA,2957,2020-05-02,2830,3.0
BAJA CALIFORNIA,3050,2020-05-03,2957,3.0
BAJA CALIFORNIA,3158,2020-05-04,3050,3.0
BAJA CALIFORNIA,3252,2020-05-05,3158,3.0
BAJA CALIFORNIA,3365,2020-05-06,3252,3.0
BAJA CALIFORNIA,3467,2020-05-07,3365,3.0
BAJA CALIFORNIA,3601,2020-05-08,3467,3.0
BAJA CALIFORNIA,3695,2020-05-09,3601,3.0
BAJA CALIFORNIA,3833,2020-05-10,3695,3.0
BAJA CALIFORNIA,3938,2020-05-11,3833,3.0
BAJA CALIFORNIA,4051,2020-05-12,3938,3.0
BAJA CALIFORNIA,4170,2020-05-13,4051,3.0
BAJA CALIFORNIA,4267,2020-05-14,4170,3.0
BAJA CALIFORNIA,4428,2020-05-15,4267,3.0
BAJA CALIFORNIA,4532,2020-05-16,4428,3.0
BAJA CALIFORNIA,4645,2020-05-17,4532,3.0
BAJA CALIFORNIA,4789,2020-05-18,4645,3.0
BAJA CALIFORNIA,4917,2020-05-19,4789,3.0
BAJA CALIFORNIA,5054,2020-05-20,4917,3.0
BAJA CALIFORNIA,5143,2020-05-21,5054,3.0
BAJA CALIFORNIA,5270,2020-05-22,5143,3.0
BAJA CALIFORNIA,5355,2020-05-23,5270,3.0
BAJA CALIFORNIA,5448,2020-05-24,5355,3.0
BAJA CALIFORNIA,5550,2020-05-25,5448,3.0
BAJA CALIFORNIA,5631,2020-05-26,5550,3.0
BAJA CALIFORNIA,5712,2020-05-27,5631,3.0
BAJA CALIFORNIA,5775,2020-05-28,5712,3.0
BAJA CALIFORNIA,5834,2020-05-29,5775,3.0
BAJA CALIFORNIA,5875,2020-05-30,5834,3.0
BAJA CALIFORNIA,5913,2020-05-31,5875,3.0
BAJA CALIFORNIA,5952,2020-06-01,5913,3.0
BAJA CALIFORNIA,5966,2020-06-02,5952,3.0
BAJA CALIFORNIA,5973,2020-06-03,5966,3.0
BAJA CALIFORNIA SUR,1,2020-03-13,0,17.5
BAJA CALIFORNIA SUR,4,2020-03-16,1,25.0
BAJA CALIFORNIA SUR,5,2020-03-17,4,22.0
BAJA CALIFORNIA SUR,6,2020-03-18,5,23.5
BAJA CALIFORNIA SUR,7,2020-03-20,6,25.0
BAJA CALIFORNIA SUR,11,2020-03-21,7,20.5
BAJA CALIFORNIA SUR,16,2020-03-22,11,20.0
BAJA CALIFORNIA SUR,21,2020-03-23,16,19.0
BAJA CALIFORNIA SUR,23,2020-03-24,21,18.5
BAJA CALIFORNIA SUR,28,2020-03-25,23,19.0
BAJA CALIFORNIA SUR,34,2020-03-26,28,16.0
BAJA CALIFORNIA SUR,42,2020-03-27,34,15.0
BAJA CALIFORNIA SUR,51,2020-03-28,42,14.5
BAJA CALIFORNIA SUR,55,2020-03-29,51,13.5
BAJA CALIFORNIA SUR,70,2020-03-30,55,12.0
BAJA CALIFORNIA SUR,83,2020-03-31,70,12.0
BAJA CALIFORNIA SUR,101,2020-04-01,83,11.5
BAJA CALIFORNIA SUR,118,2020-04-02,101,10.5
BAJA CALIFORNIA SUR,140,2020-04-03,118,10.0
BAJA CALIFORNIA SUR,160,2020-04-04,140,10.0
BAJA CALIFORNIA SUR,180,2020-04-05,160,9.0
BAJA CALIFORNIA SUR,193,2020-04-06,180,9.0
BAJA CALIFORNIA SUR,199,2020-04-07,193,9.0
BAJA CALIFORNIA SUR,207,2020-04-08,199,9.0
BAJA CALIFORNIA SUR,213,2020-04-09,207,9.0
BAJA CALIFORNIA SUR,226,2020-04-10,213,9.0
BAJA CALIFORNIA SUR,238,2020-04-11,226,9.0
BAJA CALIFORNIA SUR,248,2020-04-12,238,9.0
BAJA CALIFORNIA SUR,256,2020-04-13,248,10.0
BAJA CALIFORNIA SUR,263,2020-04-14,256,10.0
BAJA CALIFORNIA SUR,269,2020-04-15,263,10.0
BAJA CALIFORNIA SUR,274,2020-04-16,269,11.0
BAJA CALIFORNIA SUR,281,2020-04-17,274,12.0
BAJA CALIFORNIA SUR,292,2020-04-18,281,13.0
BAJA CALIFORNIA SUR,298,2020-04-19,292,13.0
BAJA CALIFORNIA SUR,311,2020-04-20,298,13.0
BAJA CALIFORNIA SUR,312,2020-04-21,311,14.0
BAJA CALIFORNIA SUR,324,2020-04-22,312,14.0
BAJA CALIFORNIA SUR,330,2020-04-23,324,17.0
BAJA CALIFORNIA SUR,340,2020-04-24,330,17.0
BAJA CALIFORNIA SUR,349,2020-04-25,340,19.0
BAJA CALIFORNIA SUR,353,2020-04-26,349,20.0
BAJA CALIFORNIA SUR,357,2020-04-27,353,20.0
BAJA CALIFORNIA SUR,360,2020-04-28,357,20.0
BAJA CALIFORNIA SUR,365,2020-04-29,360,20.0
BAJA CALIFORNIA SUR,376,2020-04-30,365,21.0
BAJA CALIFORNIA SUR,392,2020-05-01,376,21.0
BAJA CALIFORNIA SUR,398,2020-05-02,392,21.0
BAJA CALIFORNIA SUR,405,2020-05-03,398,21.0
BAJA CALIFORNIA SUR,410,2020-05-04,405,22.0
BAJA CALIFORNIA SUR,426,2020-05-05,410,22.0
BAJA CALIFORNIA SUR,431,2020-05-06,426,23.0
BAJA CALIFORNIA SUR,442,2020-05-07,431,24.0
BAJA CALIFORNIA SUR,451,2020-05-08,442,24.0
BAJA CALIFORNIA SUR,456,2020-05-09,451,24.5
BAJA CALIFORNIA SUR,466,2020-05-10,456,25.0
BAJA CALIFORNIA SUR,473,2020-05-11,466,26.0
BAJA CALIFORNIA SUR,484,2020-05-12,473,27.0
BAJA CALIFORNIA SUR,498,2020-05-13,484,27.0
BAJA CALIFORNIA SUR,510,2020-05-14,498,27.0
BAJA CALIFORNIA SUR,523,2020-05-15,510,27.0
BAJA CALIFORNIA SUR,533,2020-05-16,523,27.0
BAJA CALIFORNIA SUR,547,2020-05-17,533,27.0
BAJA CALIFORNIA SUR,564,2020-05-18,547,27.0
BAJA CALIFORNIA SUR,571,2020-05-19,564,27.0
BAJA CALIFORNIA SUR,590,2020-05-20,571,27.0
BAJA CALIFORNIA SUR,598,2020-05-21,590,27.0
BAJA CALIFORNIA SUR,611,2020-05-22,598,27.0
BAJA CALIFORNIA SUR,627,2020-05-23,611,27.0
BAJA CALIFORNIA SUR,647,2020-05-24,627,27.0
BAJA CALIFORNIA SUR,660,2020-05-25,647,27.0
BAJA CALIFORNIA SUR,677,2020-05-26,660,27.0
BAJA CALIFORNIA SUR,691,2020-05-27,677,27.0
BAJA CALIFORNIA SUR,705,2020-05-28,691,27.0
BAJA CALIFORNIA SUR,718,2020-05-29,705,27.0
BAJA CALIFORNIA SUR,726,2020-05-30,718,27.0
BAJA CALIFORNIA SUR,734,2020-05-31,726,26.5
BAJA CALIFORNIA SUR,742,2020-06-01,734,25.0
BAJA CALIFORNIA SUR,752,2020-06-02,742,21.0
CAMPECHE,1,2020-03-08,0,9.5
CAMPECHE,2,2020-03-09,1,14.5
CAMPECHE,3,2020-03-12,2,17.5
CAMPECHE,4,2020-03-18,3,26.0
CAMPECHE,5,2020-03-20,4,26.5
CAMPECHE,7,2020-03-23,5,27.0
CAMPECHE,9,2020-03-25,7,28.0
CAMPECHE,10,2020-03-27,9,26.0
CAMPECHE,12,2020-03-28,10,27.5
CAMPECHE,14,2020-03-30,12,29.0
CAMPECHE,15,2020-03-31,14,28.0
CAMPECHE,16,2020-04-01,15,27.0
CAMPECHE,17,2020-04-02,16,28.0
CAMPECHE,21,2020-04-03,17,28.0
CAMPECHE,23,2020-04-04,21,27.5
CAMPECHE,24,2020-04-05,23,28.0
CAMPECHE,26,2020-04-06,24,29.0
CAMPECHE,27,2020-04-07,26,27.0
CAMPECHE,31,2020-04-08,27,29.0
CAMPECHE,32,2020-04-09,31,29.0
CAMPECHE,36,2020-04-10,32,29.0
CAMPECHE,42,2020-04-11,36,28.0
CAMPECHE,44,2020-04-12,42,28.0
CAMPECHE,49,2020-04-13,44,28.0
CAMPECHE,51,2020-04-14,49,28.0
CAMPECHE,56,2020-04-15,51,28.0
CAMPECHE,60,2020-04-16,56,28.0
CAMPECHE,64,2020-04-17,60,28.0
CAMPECHE,68,2020-04-18,64,28.0
CAMPECHE,74,2020-04-19,68,28.0
CAMPECHE,84,2020-04-20,74,28.0
CAMPECHE,89,2020-04-21,84,28.0
CAMPECHE,99,2020-04-22,89,28.0
CAMPECHE,105,2020-04-23,99,28.0
CAMPECHE,114,2020-04-24,105,28.0
CAMPECHE,125,2020-04-25,114,28.0
CAMPECHE,130,2020-04-26,125,28.0
CAMPECHE,142,2020-04-27,130,28.0
CAMPECHE,146,2020-04-28,142,28.0
CAMPECHE,156,2020-04-29,146,28.0
CAMPECHE,166,2020-04-30,156,28.0
CAMPECHE,183,2020-05-01,166,28.0
CAMPECHE,198,2020-05-02,183,28.5
CAMPECHE,209,2020-05-03,198,29.0
CAMPECHE,228,2020-05-04,209,29.0
CAMPECHE,246,2020-05-05,228,28.0
CAMPECHE,259,2020-05-06,246,28.0
CAMPECHE,266,2020-05-07,259,28.0
CAMPECHE,282,2020-05-08,266,28.0
CAMPECHE,298,2020-05-09,282,28.0
CAMPECHE,321,2020-05-10,298,28.0
CAMPECHE,348,2020-05-11,321,28.0
CAMPECHE,370,2020-05-12,348,28.0
CAMPECHE,383,2020-05-13,370,28.0
CAMPECHE,401,2020-05-14,383,28.0
CAMPECHE,418,2020-05-15,401,28.0
CAMPECHE,440,2020-05-16,418,28.0
CAMPECHE,464,2020-05-17,440,28.0
CAMPECHE,479,2020-05-18,464,28.0
CAMPECHE,496,2020-05-19,479,28.0
CAMPECHE,522,2020-05-20,496,28.0
CAMPECHE,547,2020-05-21,522,28.0
CAMPECHE,572,2020-05-22,547,28.0
CAMPECHE,599,2020-05-23,572,28.0
CAMPECHE,615,2020-05-24,599,28.0
CAMPECHE,647,2020-05-25,615,28.0
CAMPECHE,664,2020-05-26,647,28.0
CAMPECHE,678,2020-05-27,664,28.0
CAMPECHE,694,2020-05-28,678,28.0
CAMPECHE,710,2020-05-29,694,28.0
CAMPECHE,712,2020-05-30,710,28.0
CAMPECHE,714,2020-05-31,712,28.0
CAMPECHE,722,2020-06-01,714,26.0
CAMPECHE,726,2020-06-02,722,23.0
COAHUILA DE ZARAGOZA,1,2020-01-28,0,1.0
COAHUILA DE ZARAGOZA,2,2020-02-27,1,2.0
COAHUILA DE ZARAGOZA,3,2020-03-04,2,4.0
COAHUILA DE ZARAGOZA,4,2020-03-10,3,10.0
COAHUILA DE ZARAGOZA,5,2020-03-13,4,13.0
COAHUILA DE ZARAGOZA,7,2020-03-16,5,19.5
COAHUILA DE ZARAGOZA,10,2020-03-17,7,18.5
COAHUILA DE ZARAGOZA,14,2020-03-18,10,16.5
COAHUILA DE ZARAGOZA,16,2020-03-19,14,14.0
COAHUILA DE ZARAGOZA,21,2020-03-20,16,14.0
COAHUILA DE ZARAGOZA,27,2020-03-21,21,13.0
COAHUILA DE ZARAGOZA,30,2020-03-22,27,12.5
COAHUILA DE ZARAGOZA,40,2020-03-23,30,12.0
COAHUILA DE ZARAGOZA,47,2020-03-24,40,11.5
COAHUILA DE ZARAGOZA,55,2020-03-25,47,11.0
COAHUILA DE ZARAGOZA,69,2020-03-26,55,10.0
COAHUILA DE ZARAGOZA,88,2020-03-27,69,9.0
COAHUILA DE ZARAGOZA,103,2020-03-28,88,8.0
COAHUILA DE ZARAGOZA,117,2020-03-29,103,8.0
COAHUILA DE ZARAGOZA,138,2020-03-30,117,7.0
COAHUILA DE ZARAGOZA,149,2020-03-31,138,7.0
COAHUILA DE ZARAGOZA,163,2020-04-01,149,7.0
COAHUILA DE ZARAGOZA,174,2020-04-02,163,7.0
COAHUILA DE ZARAGOZA,185,2020-04-03,174,7.0
COAHUILA DE ZARAGOZA,201,2020-04-04,185,7.0
COAHUILA DE ZARAGOZA,208,2020-04-05,201,8.0
COAHUILA DE ZARAGOZA,222,2020-04-06,208,8.0
COAHUILA DE ZARAGOZA,235,2020-04-07,222,8.0
COAHUILA DE ZARAGOZA,245,2020-04-08,235,8.0
COAHUILA DE ZARAGOZA,253,2020-04-09,245,8.0
COAHUILA DE ZARAGOZA,268,2020-04-10,253,8.0
COAHUILA DE ZARAGOZA,277,2020-04-11,268,8.0
COAHUILA DE ZARAGOZA,285,2020-04-12,277,8.0
COAHUILA DE ZARAGOZA,300,2020-04-13,285,8.0
COAHUILA DE ZARAGOZA,311,2020-04-14,300,8.0
COAHUILA DE ZARAGOZA,327,2020-04-15,311,8.0
COAHUILA DE ZARAGOZA,340,2020-04-16,327,9.0
COAHUILA DE ZARAGOZA,349,2020-04-17,340,9.0
COAHUILA DE ZARAGOZA,363,2020-04-18,349,9.0
COAHUILA DE ZARAGOZA,368,2020-04-19,363,10.0
COAHUILA DE ZARAGOZA,383,2020-04-20,368,10.0
COAHUILA DE ZARAGOZA,396,2020-04-21,383,11.0
COAHUILA DE ZARAGOZA,406,2020-04-22,396,11.0
COAHUILA DE ZARAGOZA,419,2020-04-23,406,12.0
COAHUILA DE ZARAGOZA,431,2020-04-24,419,12.0
COAHUILA DE ZARAGOZA,444,2020-04-25,431,12.0
COAHUILA DE ZARAGOZA,458,2020-04-26,444,12.0
COAHUILA DE ZARAGOZA,468,2020-04-27,458,13.0
COAHUILA DE ZARAGOZA,481,2020-04-28,468,13.0
COAHUILA DE ZARAGOZA,493,2020-04-29,481,13.0
COAHUILA DE ZARAGOZA,515,2020-04-30,493,15.0
COAHUILA DE ZARAGOZA,542,2020-05-01,515,15.0
COAHUILA DE ZARAGOZA,559,2020-05-02,542,17.0
COAHUILA DE ZARAGOZA,568,2020-05-03,559,18.0
COAHUILA DE ZARAGOZA,581,2020-05-04,568,18.0
COAHUILA DE ZARAGOZA,610,2020-05-05,581,19.0
COAHUILA DE ZARAGOZA,629,2020-05-06,610,19.0
COAHUILA DE ZARAGOZA,646,2020-05-07,629,19.0
COAHUILA DE ZARAGOZA,669,2020-05-08,646,19.0
COAHUILA DE ZARAGOZA,694,2020-05-09,669,19.0
COAHUILA DE ZARAGOZA,712,2020-05-10,694,20.0
COAHUILA DE ZARAGOZA,735,2020-05-11,712,21.0
COAHUILA DE ZARAGOZA,761,2020-05-12,735,22.0
COAHUILA DE ZARAGOZA,775,2020-05-13,761,22.0
COAHUILA DE ZARAGOZA,792,2020-05-14,775,22.0
COAHUILA DE ZARAGOZA,822,2020-05-15,792,22.0
COAHUILA DE ZARAGOZA,861,2020-05-16,822,22.0
COAHUILA DE ZARAGOZA,901,2020-05-17,861,22.0
COAHUILA DE ZARAGOZA,945,2020-05-18,901,22.0
COAHUILA DE ZARAGOZA,971,2020-05-19,945,22.0
COAHUILA DE ZARAGOZA,1004,2020-05-20,971,22.0
COAHUILA DE ZARAGOZA,1049,2020-05-21,1004,22.0
COAHUILA DE ZARAGOZA,1088,2020-05-22,1049,22.0
COAHUILA DE ZARAGOZA,1140,2020-05-23,1088,22.0
COAHUILA DE ZARAGOZA,1170,2020-05-24,1140,22.0
COAHUILA DE ZARAGOZA,1212,2020-05-25,1170,22.0
COAHUILA DE ZARAGOZA,1251,2020-05-26,1212,22.0
COAHUILA DE ZARAGOZA,1279,2020-05-27,1251,22.0
COAHUILA DE ZARAGOZA,1319,2020-05-28,1279,22.0
COAHUILA DE ZARAGOZA,1368,2020-05-29,1319,22.0
COAHUILA DE ZARAGOZA,1390,2020-05-30,1368,22.0
COAHUILA DE ZARAGOZA,1405,2020-05-31,1390,21.0
COAHUILA DE ZARAGOZA,1419,2020-06-01,1405,19.0
COLIMA,1,2020-03-12,0,21.5
COLIMA,2,2020-03-15,1,20.5
COLIMA,3,2020-03-24,2,28.0
COLIMA,4,2020-03-25,3,30.0
COLIMA,6,2020-03-28,4,30.0
COLIMA,7,2020-03-29,6,27.0
COLIMA,8,2020-04-06,7,32.0
COLIMA,9,2020-04-07,8,29.0
COLIMA,11,2020-04-11,9,32.0
COLIMA,14,2020-04-12,11,32.0
COLIMA,16,2020-04-15,14,31.0
COLIMA,22,2020-04-17,16,31.0
COLIMA,23,2020-04-18,22,32.0
COLIMA,24,2020-04-20,23,32.0
COLIMA,25,2020-04-21,24,32.0
COLIMA,27,2020-04-23,25,32.0
COLIMA,28,2020-04-24,27,32.0
COLIMA,29,2020-04-25,28,32.0
COLIMA,32,2020-04-27,29,32.0
COLIMA,34,2020-04-29,32,32.0
COLIMA,38,2020-04-30,34,32.0
COLIMA,41,2020-05-01,38,32.0
COLIMA,44,2020-05-02,41,32.0
COLIMA,45,2020-05-03,44,32.0
COLIMA,47,2020-05-04,45,32.0
COLIMA,50,2020-05-06,47,32.0
COLIMA,53,2020-05-07,50,32.0
COLIMA,59,2020-05-08,53,32.0
COLIMA,62,2020-05-09,59,32.0
COLIMA,65,2020-05-10,62,32.0
COLIMA,71,2020-05-11,65,32.0
COLIMA,81,2020-05-12,71,32.0
COLIMA,87,2020-05-13,81,32.0
COLIMA,91,2020-05-14,87,32.0
COLIMA,96,2020-05-15,91,32.0
COLIMA,104,2020-05-16,96,32.0
COLIMA,109,2020-05-17,104,32.0
COLIMA,118,2020-05-18,109,32.0
COLIMA,122,2020-05-19,118,32.0
COLIMA,134,2020-05-20,122,32.0
COLIMA,138,2020-05-21,134,32.0
COLIMA,146,2020-05-22,138,32.0
COLIMA,152,2020-05-23,146,32.0
COLIMA,157,2020-05-24,152,32.0
COLIMA,164,2020-05-25,157,32.0
COLIMA,166,2020-05-26,164,32.0
COLIMA,170,2020-05-27,166,32.0
COLIMA,182,2020-05-28,170,32.0
COLIMA,185,2020-05-29,182,32.0
COLIMA,193,2020-05-30,185,32.0
COLIMA,201,2020-05-31,193,31.0
COLIMA,204,2020-06-01,201,29.0
CHIAPAS,1,2020-02-25,0,1.0
CHIAPAS,2,2020-03-13,1,16.0
CHIAPAS,3,2020-03-14,2,18.5
CHIAPAS,5,2020-03-20,3,26.5
CHIAPAS,7,2020-03-21,5,24.0
CHIAPAS,10,2020-03-22,7,26.0
CHIAPAS,14,2020-03-23,10,24.5
CHIAPAS,15,2020-03-24,14,23.5
CHIAPAS,19,2020-03-25,15,24.0
CHIAPAS,22,2020-03-27,19,24.5
CHIAPAS,26,2020-03-28,22,24.0
CHIAPAS,27,2020-03-29,26,23.0
CHIAPAS,29,2020-03-30,27,26.0
CHIAPAS,31,2020-03-31,29,26.0
CHIAPAS,33,2020-04-01,31,25.0
CHIAPAS,35,2020-04-02,33,26.0
CHIAPAS,39,2020-04-03,35,27.0
CHIAPAS,43,2020-04-04,39,25.5
CHIAPAS,44,2020-04-05,43,26.0
CHIAPAS,46,2020-04-06,44,27.0
CHIAPAS,51,2020-04-07,46,25.0
CHIAPAS,55,2020-04-08,51,26.0
CHIAPAS,57,2020-04-09,55,27.0
CHIAPAS,59,2020-04-10,57,27.0
CHIAPAS,65,2020-04-11,59,27.0
CHIAPAS,68,2020-04-12,65,27.0
CHIAPAS,76,2020-04-13,68,25.0
CHIAPAS,82,2020-04-14,76,26.5
CHIAPAS,90,2020-04-15,82,26.0
CHIAPAS,103,2020-04-16,90,24.5
CHIAPAS,110,2020-04-17,103,24.0
CHIAPAS,120,2020-04-18,110,24.0
CHIAPAS,127,2020-04-19,120,24.0
CHIAPAS,147,2020-04-20,127,24.0
CHIAPAS,153,2020-04-21,147,24.0
CHIAPAS,167,2020-04-22,153,24.0
CHIAPAS,182,2020-04-23,167,24.0
CHIAPAS,192,2020-04-24,182,24.0
CHIAPAS,213,2020-04-25,192,24.0
CHIAPAS,227,2020-04-26,213,24.0
CHIAPAS,241,2020-04-27,227,24.0
CHIAPAS,264,2020-04-28,241,24.0
CHIAPAS,289,2020-04-29,264,24.0
CHIAPAS,315,2020-04-30,289,23.5
CHIAPAS,342,2020-05-01,315,22.0
CHIAPAS,374,2020-05-02,342,22.0
CHIAPAS,397,2020-05-03,374,22.0
CHIAPAS,427,2020-05-04,397,21.0
CHIAPAS,466,2020-05-05,427,21.0
CHIAPAS,490,2020-05-06,466,21.0
CHIAPAS,518,2020-05-07,490,21.0
CHIAPAS,567,2020-05-08,518,21.0
CHIAPAS,625,2020-05-09,567,21.0
CHIAPAS,688,2020-05-10,625,21.0
CHIAPAS,744,2020-05-11,688,20.0
CHIAPAS,803,2020-05-12,744,20.0
CHIAPAS,868,2020-05-13,803,19.0
CHIAPAS,932,2020-05-14,868,19.0
CHIAPAS,1010,2020-05-15,932,19.0
CHIAPAS,1092,2020-05-16,1010,16.0
CHIAPAS,1149,2020-05-17,1092,17.0
CHIAPAS,1268,2020-05-18,1149,16.0
CHIAPAS,1348,2020-05-19,1268,16.0
CHIAPAS,1448,2020-05-20,1348,16.0
CHIAPAS,1538,2020-05-21,1448,16.0
CHIAPAS,1638,2020-05-22,1538,15.0
CHIAPAS,1771,2020-05-23,1638,12.0
CHIAPAS,1873,2020-05-24,1771,12.0
CHIAPAS,1996,2020-05-25,1873,11.0
CHIAPAS,2106,2020-05-26,1996,11.0
CHIAPAS,2190,2020-05-27,2106,11.0
CHIAPAS,2288,2020-05-28,2190,10.0
CHIAPAS,2375,2020-05-29,2288,10.0
CHIAPAS,2434,2020-05-30,2375,10.0
CHIAPAS,2460,2020-05-31,2434,10.0
CHIAPAS,2476,2020-06-01,2460,9.0
CHIAPAS,2484,2020-06-02,2476,8.0
CHIAPAS,2486,2020-06-03,2484,7.0
CHIHUAHUA,1,2020-03-12,0,21.5
CHIHUAHUA,2,2020-03-12,0,19.5
CHIHUAHUA,3,2020-03-13,2,15.0
CHIHUAHUA,4,2020-03-15,3,18.5
CHIHUAHUA,5,2020-03-16,4,23.0
CHIHUAHUA,6,2020-03-17,5,20.5
CHIHUAHUA,8,2020-03-18,6,21.0
CHIHUAHUA,9,2020-03-19,8,18.0
CHIHUAHUA,12,2020-03-20,9,21.0
CHIHUAHUA,14,2020-03-21,12,18.0
CHIHUAHUA,15,2020-03-22,14,21.0
CHIHUAHUA,16,2020-03-23,15,22.0
CHIHUAHUA,20,2020-03-24,16,20.0
CHIHUAHUA,24,2020-03-25,20,22.0
CHIHUAHUA,30,2020-03-26,24,21.0
CHIHUAHUA,32,2020-03-27,30,21.0
CHIHUAHUA,41,2020-03-28,32,16.0
CHIHUAHUA,48,2020-03-29,41,15.0
CHIHUAHUA,50,2020-03-30,48,16.0
CHIHUAHUA,60,2020-03-31,50,16.0
CHIHUAHUA,67,2020-04-01,60,15.0
CHIHUAHUA,78,2020-04-02,67,14.0
CHIHUAHUA,92,2020-04-03,78,13.5
CHIHUAHUA,100,2020-04-04,92,13.0
CHIHUAHUA,107,2020-04-05,100,13.0
CHIHUAHUA,116,2020-04-06,107,14.0
CHIHUAHUA,128,2020-04-07,116,14.0
CHIHUAHUA,141,2020-04-08,128,14.0
CHIHUAHUA,153,2020-04-09,141,14.0
CHIHUAHUA,172,2020-04-10,153,14.0
CHIHUAHUA,188,2020-04-11,172,14.0
CHIHUAHUA,204,2020-04-12,188,14.0
CHIHUAHUA,219,2020-04-13,204,14.0
CHIHUAHUA,232,2020-04-14,219,14.0
CHIHUAHUA,260,2020-04-15,232,11.0
CHIHUAHUA,287,2020-04-16,260,10.0
CHIHUAHUA,320,2020-04-17,287,10.0
CHIHUAHUA,358,2020-04-18,320,10.0
CHIHUAHUA,391,2020-04-19,358,9.0
CHIHUAHUA,444,2020-04-20,391,9.0
CHIHUAHUA,473,2020-04-21,444,9.0
CHIHUAHUA,516,2020-04-22,473,9.0
CHIHUAHUA,556,2020-04-23,516,9.0
CHIHUAHUA,609,2020-04-24,556,9.0
CHIHUAHUA,664,2020-04-25,609,9.0
CHIHUAHUA,694,2020-04-26,664,9.0
CHIHUAHUA,739,2020-04-27,694,9.0
CHIHUAHUA,781,2020-04-28,739,9.0
CHIHUAHUA,817,2020-04-29,781,9.0
CHIHUAHUA,860,2020-04-30,817,9.0
CHIHUAHUA,917,2020-05-01,860,9.0
CHIHUAHUA,961,2020-05-02,917,9.0
CHIHUAHUA,1004,2020-05-03,961,9.0
CHIHUAHUA,1041,2020-05-04,1004,9.0
CHIHUAHUA,1077,2020-05-05,1041,9.0
CHIHUAHUA,1111,2020-05-06,1077,9.0
CHIHUAHUA,1149,2020-05-07,1111,9.0
CHIHUAHUA,1194,2020-05-08,1149,9.0
CHIHUAHUA,1232,2020-05-09,1194,9.0
CHIHUAHUA,1283,2020-05-10,1232,9.0
CHIHUAHUA,1330,2020-05-11,1283,9.0
CHIHUAHUA,1358,2020-05-12,1330,9.0
CHIHUAHUA,1399,2020-05-13,1358,9.0
CHIHUAHUA,1435,2020-05-14,1399,9.0
CHIHUAHUA,1477,2020-05-15,1435,10.0
CHIHUAHUA,1514,2020-05-16,1477,10.0
CHIHUAHUA,1550,2020-05-17,1514,11.0
CHIHUAHUA,1594,2020-05-18,1550,11.0
CHIHUAHUA,1631,2020-05-19,1594,12.0
CHIHUAHUA,1668,2020-05-20,1631,12.0
CHIHUAHUA,1697,2020-05-21,1668,12.0
CHIHUAHUA,1724,2020-05-22,1697,12.0
CHIHUAHUA,1748,2020-05-23,1724,13.0
CHIHUAHUA,1767,2020-05-24,1748,15.0
CHIHUAHUA,1784,2020-05-25,1767,17.0
CHIHUAHUA,1796,2020-05-26,1784,18.0
CHIHUAHUA,1811,2020-05-27,1796,19.0
CHIHUAHUA,1817,2020-05-28,1811,19.0
CHIHUAHUA,1826,2020-05-29,1817,19.0
CHIHUAHUA,1828,2020-05-30,1826,19.0
CIUDAD DE MÉXICO,1,2020-02-22,0,1.5
CIUDAD DE MÉXICO,2,2020-02-23,1,1.0
CIUDAD DE MÉXICO,3,2020-02-27,2,1.0
CIUDAD DE MÉXICO,5,2020-02-28,3,1.0
CIUDAD DE MÉXICO,6,2020-02-29,5,1.0
CIUDAD DE MÉXICO,8,2020-03-01,6,1.0
CIUDAD DE MÉXICO,13,2020-03-02,8,1.0
CIUDAD DE MÉXICO,15,2020-03-03,13,1.0
CIUDAD DE MÉXICO,18,2020-03-04,15,1.0
CIUDAD DE MÉXICO,20,2020-03-05,18,1.0
CIUDAD DE MÉXICO,26,2020-03-06,20,1.0
CIUDAD DE MÉXICO,35,2020-03-07,26,1.0
CIUDAD DE MÉXICO,40,2020-03-08,35,1.0
CIUDAD DE MÉXICO,59,2020-03-09,40,1.0
CIUDAD DE MÉXICO,81,2020-03-10,59,1.0
CIUDAD DE MÉXICO,100,2020-03-11,81,1.0
CIUDAD DE MÉXICO,115,2020-03-12,100,1.0
CIUDAD DE MÉXICO,147,2020-03-13,115,1.0
CIUDAD DE MÉXICO,180,2020-03-14,147,1.0
CIUDAD DE MÉXICO,215,2020-03-15,180,1.0
CIUDAD DE MÉXICO,257,2020-03-16,215,1.0
CIUDAD DE MÉXICO,280,2020-03-17,257,1.0
CIUDAD DE MÉXICO,305,2020-03-18,280,1.0
CIUDAD DE MÉXICO,338,2020-03-19,305,1.0
CIUDAD DE MÉXICO,391,2020-03-20,338,1.0
CIUDAD DE MÉXICO,411,2020-03-21,391,1.0
CIUDAD DE MÉXICO,440,2020-03-22,411,1.0
CIUDAD DE MÉXICO,488,2020-03-23,440,1.0
CIUDAD DE MÉXICO,533,2020-03-24,488,1.0
CIUDAD DE MÉXICO,580,2020-03-25,533,1.0
CIUDAD DE MÉXICO,661,2020-03-26,580,1.0
CIUDAD DE MÉXICO,719,2020-03-27,661,1.0
CIUDAD DE MÉXICO,779,2020-03-28,719,1.0
CIUDAD DE MÉXICO,831,2020-03-29,779,1.0
CIUDAD DE MÉXICO,934,2020-03-30,831,1.0
CIUDAD DE MÉXICO,1006,2020-03-31,934,1.0
CIUDAD DE MÉXICO,1130,2020-04-01,1006,1.0
CIUDAD DE MÉXICO,1237,2020-04-02,1130,1.0
CIUDAD DE MÉXICO,1340,2020-04-03,1237,1.0
CIUDAD DE MÉXICO,1460,2020-04-04,1340,1.0
CIUDAD DE MÉXICO,1588,2020-04-05,1460,1.0
CIUDAD DE MÉXICO,1738,2020-04-06,1588,1.0
CIUDAD DE MÉXICO,1884,2020-04-07,1738,1.0
CIUDAD DE MÉXICO,2041,2020-04-08,1884,1.0
CIUDAD DE MÉXICO,2217,2020-04-09,2041,1.0
CIUDAD DE MÉXICO,2512,2020-04-10,2217,1.0
CIUDAD DE MÉXICO,2714,2020-04-11,2512,1.0
CIUDAD DE MÉXICO,2924,2020-04-12,2714,1.0
CIUDAD DE MÉXICO,3201,2020-04-13,2924,1.0
CIUDAD DE MÉXICO,3465,2020-04-14,3201,1.0
CIUDAD DE MÉXICO,3814,2020-04-15,3465,1.0
CIUDAD DE MÉXICO,4121,2020-04-16,3814,1.0
CIUDAD DE MÉXICO,4476,2020-04-17,4121,1.0
CIUDAD DE MÉXICO,4857,2020-04-18,4476,1.0
CIUDAD DE MÉXICO,5201,2020-04-19,4857,1.0
CIUDAD DE MÉXICO,5779,2020-04-20,5201,1.0
CIUDAD DE MÉXICO,6130,2020-04-21,5779,1.0
CIUDAD DE MÉXICO,6492,2020-04-22,6130,1.0
CIUDAD DE MÉXICO,6886,2020-04-23,6492,1.0
CIUDAD DE MÉXICO,7336,2020-04-24,6886,1.0
CIUDAD DE MÉXICO,7798,2020-04-25,7336,1.0
CIUDAD DE MÉXICO,8203,2020-04-26,7798,1.0
CIUDAD DE MÉXICO,8736,2020-04-27,8203,1.0
CIUDAD DE MÉXICO,9207,2020-04-28,8736,1.0
CIUDAD DE MÉXICO,9595,2020-04-29,9207,1.0
CIUDAD DE MÉXICO,10128,2020-04-30,9595,1.0
CIUDAD DE MÉXICO,10967,2020-05-01,10128,1.0
CIUDAD DE MÉXICO,11486,2020-05-02,10967,1.0
CIUDAD DE MÉXICO,12019,2020-05-03,11486,1.0
CIUDAD DE MÉXICO,12734,2020-05-04,12019,1.0
CIUDAD DE MÉXICO,13377,2020-05-05,12734,1.0
CIUDAD DE MÉXICO,13959,2020-05-06,13377,1.0
CIUDAD DE MÉXICO,14585,2020-05-07,13959,1.0
CIUDAD DE MÉXICO,15327,2020-05-08,14585,1.0
CIUDAD DE MÉXICO,15948,2020-05-09,15327,1.0
CIUDAD DE MÉXICO,16821,2020-05-10,15948,1.0
CIUDAD DE MÉXICO,17570,2020-05-11,16821,1.0
CIUDAD DE MÉXICO,18253,2020-05-12,17570,1.0
CIUDAD DE MÉXICO,18851,2020-05-13,18253,1.0
CIUDAD DE MÉXICO,19422,2020-05-14,18851,1.0
CIUDAD DE MÉXICO,20282,2020-05-15,19422,1.0
CIUDAD DE MÉXICO,20937,2020-05-16,20282,1.0
CIUDAD DE MÉXICO,21579,2020-05-17,20937,1.0
CIUDAD DE MÉXICO,22482,2020-05-18,21579,1.0
CIUDAD DE MÉXICO,23102,2020-05-19,22482,1.0
CIUDAD DE MÉXICO,24142,2020-05-20,23102,1.0
CIUDAD DE MÉXICO,24687,2020-05-21,24142,1.0
CIUDAD DE MÉXICO,25357,2020-05-22,24687,1.0
CIUDAD DE MÉXICO,25950,2020-05-23,25357,1.0
CIUDAD DE MÉXICO,26507,2020-05-24,25950,1.0
CIUDAD DE MÉXICO,27300,2020-05-25,26507,1.0
CIUDAD DE MÉXICO,27847,2020-05-26,27300,1.0
CIUDAD DE MÉXICO,28336,2020-05-27,27847,1.0
CIUDAD DE MÉXICO,28829,2020-05-28,28336,1.0
CIUDAD DE MÉXICO,29238,2020-05-29,28829,1.0
CIUDAD DE MÉXICO,29559,2020-05-30,29238,1.0
CIUDAD DE MÉXICO,29779,2020-05-31,29559,1.0
CIUDAD DE MÉXICO,30027,2020-06-01,29779,1.0
CIUDAD DE MÉXICO,30136,2020-06-02,30027,1.0
CIUDAD DE MÉXICO,30214,2020-06-03,30136,1.0
DURANGO,1,2020-03-06,0,4.0
DURANGO,2,2020-03-09,1,14.5
DURANGO,3,2020-03-11,2,11.0
DURANGO,4,2020-03-15,3,18.5
DURANGO,6,2020-03-18,4,23.5
DURANGO,7,2020-03-19,6,21.5
DURANGO,9,2020-03-23,7,26.0
DURANGO,10,2020-03-24,9,25.0
DURANGO,11,2020-03-25,10,27.0
DURANGO,12,2020-03-28,11,27.5
DURANGO,13,2020-03-29,12,26.0
DURANGO,15,2020-03-30,13,28.0
DURANGO,16,2020-04-02,15,29.0
DURANGO,17,2020-04-04,16,29.0
DURANGO,18,2020-04-06,17,30.5
DURANGO,19,2020-04-08,18,31.0
DURANGO,23,2020-04-10,19,31.0
DURANGO,27,2020-04-11,23,31.0
DURANGO,28,2020-04-12,27,31.0
DURANGO,31,2020-04-13,28,31.0
DURANGO,37,2020-04-14,31,31.0
DURANGO,38,2020-04-16,37,31.0
DURANGO,40,2020-04-18,38,31.0
DURANGO,42,2020-04-19,40,31.0
DURANGO,47,2020-04-20,42,31.0
DURANGO,50,2020-04-21,47,31.0
DURANGO,56,2020-04-22,50,31.0
DURANGO,61,2020-04-23,56,31.0
DURANGO,68,2020-04-24,61,31.0
DURANGO,72,2020-04-25,68,31.0
DURANGO,82,2020-04-26,72,31.0
DURANGO,85,2020-04-27,82,31.0
DURANGO,90,2020-04-28,85,31.0
DURANGO,91,2020-04-29,90,31.0
DURANGO,93,2020-04-30,91,31.0
DURANGO,103,2020-05-01,93,31.0
DURANGO,109,2020-05-02,103,31.0
DURANGO,115,2020-05-03,109,31.0
DURANGO,122,2020-05-04,115,31.0
DURANGO,130,2020-05-05,122,31.0
DURANGO,139,2020-05-06,130,31.0
DURANGO,150,2020-05-07,139,31.0
DURANGO,158,2020-05-08,150,31.0
DURANGO,166,2020-05-09,158,31.0
DURANGO,170,2020-05-10,166,31.0
DURANGO,177,2020-05-11,170,31.0
DURANGO,185,2020-05-12,177,31.0
DURANGO,194,2020-05-13,185,31.0
DURANGO,205,2020-05-14,194,31.0
DURANGO,219,2020-05-15,205,31.0
DURANGO,230,2020-05-16,219,30.0
DURANGO,237,2020-05-17,230,30.0
DURANGO,250,2020-05-18,237,30.0
DURANGO,267,2020-05-19,250,30.0
DURANGO,286,2020-05-20,267,30.0
DURANGO,299,2020-05-21,286,30.0
DURANGO,313,2020-05-22,299,30.0
DURANGO,336,2020-05-23,313,30.0
DURANGO,358,2020-05-24,336,30.0
DURANGO,377,2020-05-25,358,30.0
DURANGO,399,2020-05-26,377,30.0
DURANGO,423,2020-05-27,399,30.0
DURANGO,451,2020-05-28,423,30.0
DURANGO,475,2020-05-29,451,30.0
DURANGO,500,2020-05-30,475,30.0
DURANGO,513,2020-05-31,500,29.0
DURANGO,551,2020-06-01,513,27.0
DURANGO,556,2020-06-02,551,24.0
DURANGO,561,2020-06-03,556,13.0
DURANGO,565,2020-06-04,561,4.0
GUANAJUATO,1,2020-03-10,0,14.5
GUANAJUATO,3,2020-03-12,1,17.5
GUANAJUATO,6,2020-03-14,3,13.5
GUANAJUATO,9,2020-03-15,6,13.0
GUANAJUATO,19,2020-03-16,9,9.0
GUANAJUATO,23,2020-03-17,19,9.0
GUANAJUATO,25,2020-03-18,23,9.0
GUANAJUATO,26,2020-03-19,25,9.0
GUANAJUATO,33,2020-03-20,26,10.0
GUANAJUATO,37,2020-03-21,33,10.0
GUANAJUATO,42,2020-03-22,37,10.0
GUANAJUATO,44,2020-03-23,42,11.0
GUANAJUATO,47,2020-03-24,44,11.5
GUANAJUATO,50,2020-03-25,47,12.0
GUANAJUATO,55,2020-03-26,50,12.0
GUANAJUATO,60,2020-03-27,55,12.0
GUANAJUATO,61,2020-03-28,60,12.0
GUANAJUATO,62,2020-03-30,61,13.0
GUANAJUATO,63,2020-03-31,62,14.0
GUANAJUATO,70,2020-04-01,63,14.0
GUANAJUATO,77,2020-04-02,70,15.0
GUANAJUATO,83,2020-04-03,77,15.0
GUANAJUATO,86,2020-04-04,83,15.0
GUANAJUATO,91,2020-04-05,86,15.0
GUANAJUATO,94,2020-04-06,91,16.0
GUANAJUATO,95,2020-04-07,94,16.0
GUANAJUATO,100,2020-04-08,95,17.0
GUANAJUATO,105,2020-04-09,100,17.5
GUANAJUATO,110,2020-04-10,105,19.0
GUANAJUATO,115,2020-04-11,110,19.0
GUANAJUATO,122,2020-04-12,115,19.0
GUANAJUATO,134,2020-04-13,122,19.0
GUANAJUATO,154,2020-04-14,134,18.0
GUANAJUATO,170,2020-04-15,154,18.0
GUANAJUATO,184,2020-04-16,170,18.0
GUANAJUATO,191,2020-04-17,184,18.0
GUANAJUATO,206,2020-04-18,191,19.0
GUANAJUATO,219,2020-04-19,206,19.0
GUANAJUATO,234,2020-04-20,219,20.0
GUANAJUATO,247,2020-04-21,234,20.5
GUANAJUATO,260,2020-04-22,247,21.0
GUANAJUATO,270,2020-04-23,260,21.0
GUANAJUATO,291,2020-04-24,270,21.0
GUANAJUATO,305,2020-04-25,291,21.0
GUANAJUATO,326,2020-04-26,305,21.0
GUANAJUATO,343,2020-04-27,326,21.0
GUANAJUATO,352,2020-04-28,343,21.0
GUANAJUATO,360,2020-04-29,352,21.0
GUANAJUATO,381,2020-04-30,360,20.0
GUANAJUATO,414,2020-05-01,381,20.0
GUANAJUATO,451,2020-05-02,414,20.0
GUANAJUATO,478,2020-05-03,451,20.0
GUANAJUATO,509,2020-05-04,478,20.0
GUANAJUATO,541,2020-05-05,509,20.0
GUANAJUATO,570,2020-05-06,541,20.0
GUANAJUATO,612,2020-05-07,570,20.0
GUANAJUATO,650,2020-05-08,612,20.0
GUANAJUATO,689,2020-05-09,650,20.0
GUANAJUATO,719,2020-05-10,689,19.0
GUANAJUATO,770,2020-05-11,719,19.0
GUANAJUATO,819,2020-05-12,770,19.0
GUANAJUATO,848,2020-05-13,819,21.0
GUANAJUATO,884,2020-05-14,848,21.0
GUANAJUATO,950,2020-05-15,884,21.0
GUANAJUATO,1001,2020-05-16,950,21.0
GUANAJUATO,1060,2020-05-17,1001,21.0
GUANAJUATO,1127,2020-05-18,1060,21.0
GUANAJUATO,1177,2020-05-19,1127,21.0
GUANAJUATO,1238,2020-05-20,1177,20.0
GUANAJUATO,1265,2020-05-21,1238,20.0
GUANAJUATO,1351,2020-05-22,1265,19.0
GUANAJUATO,1449,2020-05-23,1351,19.0
GUANAJUATO,1553,2020-05-24,1449,19.0
GUANAJUATO,1690,2020-05-25,1553,19.0
GUANAJUATO,1785,2020-05-26,1690,19.0
GUANAJUATO,1895,2020-05-27,1785,17.0
GUANAJUATO,1991,2020-05-28,1895,15.0
GUANAJUATO,2109,2020-05-29,1991,13.0
GUANAJUATO,2221,2020-05-30,2109,13.0
GUANAJUATO,2314,2020-05-31,2221,12.5
GUANAJUATO,2362,2020-06-01,2314,10.0
GUANAJUATO,2382,2020-06-02,2362,9.0
GUERRERO,1,2020-03-08,0,9.5
GUERRERO,2,2020-03-09,1,14.5
GUERRERO,3,2020-03-11,2,11.0
GUERRERO,4,2020-03-12,3,13.0
GUERRERO,5,2020-03-13,4,13.0
GUERRERO,8,2020-03-15,5,15.5
GUERRERO,9,2020-03-16,8,16.5
GUERRERO,12,2020-03-17,9,15.0
GUERRERO,14,2020-03-18,12,16.5
GUERRERO,16,2020-03-19,14,14.0
GUERRERO,19,2020-03-20,16,15.5
GUERRERO,22,2020-03-21,19,15.0
GUERRERO,23,2020-03-22,22,16.5
GUERRERO,26,2020-03-23,23,16.0
GUERRERO,27,2020-03-24,26,15.5
GUERRERO,28,2020-03-25,27,19.0
GUERRERO,31,2020-03-26,28,19.5
GUERRERO,32,2020-03-28,31,21.0
GUERRERO,33,2020-03-29,32,20.0
GUERRERO,37,2020-03-30,33,23.0
GUERRERO,42,2020-03-31,37,22.5
GUERRERO,46,2020-04-01,42,22.0
GUERRERO,51,2020-04-02,46,22.0
GUERRERO,59,2020-04-03,51,19.5
GUERRERO,69,2020-04-04,59,18.0
GUERRERO,75,2020-04-05,69,18.0
GUERRERO,83,2020-04-06,75,18.0
GUERRERO,87,2020-04-07,83,18.0
GUERRERO,99,2020-04-08,87,18.0
GUERRERO,105,2020-04-09,99,17.5
GUERRERO,117,2020-04-10,105,17.0
GUERRERO,126,2020-04-11,117,17.0
GUERRERO,134,2020-04-12,126,17.0
GUERRERO,149,2020-04-13,134,18.0
GUERRERO,152,2020-04-14,149,19.0
GUERRERO,166,2020-04-15,152,19.0
GUERRERO,173,2020-04-16,166,19.0
GUERRERO,182,2020-04-17,173,19.0
GUERRERO,195,2020-04-18,182,20.0
GUERRERO,212,2020-04-19,195,20.0
GUERRERO,235,2020-04-20,212,19.0
GUERRERO,252,2020-04-21,235,19.0
GUERRERO,271,2020-04-22,252,19.0
GUERRERO,294,2020-04-23,271,19.0
GUERRERO,329,2020-04-24,294,18.0
GUERRERO,361,2020-04-25,329,17.0
GUERRERO,382,2020-04-26,361,17.0
GUERRERO,404,2020-04-27,382,17.0
GUERRERO,432,2020-04-28,404,17.0
GUERRERO,468,2020-04-29,432,16.0
GUERRERO,503,2020-04-30,468,16.0
GUERRERO,554,2020-05-01,503,14.0
GUERRERO,586,2020-05-02,554,14.0
GUERRERO,629,2020-05-03,586,14.0
GUERRERO,677,2020-05-04,629,15.0
GUERRERO,710,2020-05-05,677,15.0
GUERRERO,746,2020-05-06,710,15.0
GUERRERO,783,2020-05-07,746,15.0
GUERRERO,831,2020-05-08,783,15.0
GUERRERO,888,2020-05-09,831,14.0
GUERRERO,949,2020-05-10,888,14.0
GUERRERO,1012,2020-05-11,949,14.0
GUERRERO,1081,2020-05-12,1012,13.0
GUERRERO,1155,2020-05-13,1081,13.0
GUERRERO,1240,2020-05-14,1155,13.0
GUERRERO,1378,2020-05-15,1240,12.0
GUERRERO,1491,2020-05-16,1378,11.0
GUERRERO,1586,2020-05-17,1491,10.0
GUERRERO,1732,2020-05-18,1586,9.0
GUERRERO,1840,2020-05-19,1732,9.0
GUERRERO,1944,2020-05-20,1840,9.0
GUERRERO,2025,2020-05-21,1944,9.0
GUERRERO,2109,2020-05-22,2025,9.0
GUERRERO,2202,2020-05-23,2109,9.0
GUERRERO,2272,2020-05-24,2202,9.0
GUERRERO,2323,2020-05-25,2272,9.0
GUERRERO,2363,2020-05-26,2323,9.0
GUERRERO,2388,2020-05-27,2363,9.0
GUERRERO,2401,2020-05-28,2388,9.0
GUERRERO,2406,2020-05-29,2401,9.0
GUERRERO,2412,2020-05-30,2406,11.0
GUERRERO,2414,2020-05-31,2412,11.0
HIDALGO,1,2020-02-22,0,1.5
HIDALGO,2,2020-03-07,1,5.5
HIDALGO,3,2020-03-08,2,6.0
HIDALGO,4,2020-03-12,3,13.0
HIDALGO,7,2020-03-13,4,10.5
HIDALGO,8,2020-03-14,7,11.5
HIDALGO,9,2020-03-16,8,16.5
HIDALGO,11,2020-03-18,9,20.0
HIDALGO,13,2020-03-19,11,17.0
HIDALGO,16,2020-03-20,13,19.5
HIDALGO,17,2020-03-21,16,17.0
HIDALGO,23,2020-03-23,17,18.0
HIDALGO,26,2020-03-24,23,17.0
HIDALGO,28,2020-03-25,26,19.0
HIDALGO,31,2020-03-26,28,19.5
HIDALGO,35,2020-03-27,31,19.0
HIDALGO,37,2020-03-28,35,19.5
HIDALGO,42,2020-03-29,37,16.0
HIDALGO,49,2020-03-30,42,17.0
HIDALGO,54,2020-03-31,49,17.0
HIDALGO,55,2020-04-02,54,19.5
HIDALGO,59,2020-04-03,55,19.5
HIDALGO,60,2020-04-04,59,21.0
HIDALGO,64,2020-04-05,60,21.0
HIDALGO,72,2020-04-06,64,19.5
HIDALGO,74,2020-04-07,72,20.5
HIDALGO,78,2020-04-08,74,20.0
HIDALGO,83,2020-04-09,78,20.0
HIDALGO,90,2020-04-10,83,21.0
HIDALGO,99,2020-04-11,90,20.0
HIDALGO,106,2020-04-12,99,20.5
HIDALGO,117,2020-04-13,106,21.0
HIDALGO,123,2020-04-14,117,21.0
HIDALGO,129,2020-04-15,123,21.0
HIDALGO,144,2020-04-16,129,21.0
HIDALGO,154,2020-04-17,144,21.0
HIDALGO,173,2020-04-18,154,21.0
HIDALGO,191,2020-04-19,173,21.0
HIDALGO,224,2020-04-20,191,21.0
HIDALGO,247,2020-04-21,224,20.5
HIDALGO,265,2020-04-22,247,20.0
HIDALGO,287,2020-04-23,265,20.0
HIDALGO,313,2020-04-24,287,20.0
HIDALGO,335,2020-04-25,313,20.0
HIDALGO,363,2020-04-26,335,19.0
HIDALGO,394,2020-04-27,363,19.0
HIDALGO,422,2020-04-28,394,18.0
HIDALGO,445,2020-04-29,422,19.0
HIDALGO,475,2020-04-30,445,18.5
HIDALGO,511,2020-05-01,475,19.0
HIDALGO,539,2020-05-02,511,18.0
HIDALGO,573,2020-05-03,539,17.0
HIDALGO,617,2020-05-04,573,17.0
HIDALGO,648,2020-05-05,617,18.0
HIDALGO,682,2020-05-06,648,17.0
HIDALGO,712,2020-05-07,682,17.0
HIDALGO,766,2020-05-08,712,16.0
HIDALGO,814,2020-05-09,766,16.0
HIDALGO,875,2020-05-10,814,16.0
HIDALGO,939,2020-05-11,875,16.0
HIDALGO,986,2020-05-12,939,15.0
HIDALGO,1051,2020-05-13,986,15.0
HIDALGO,1120,2020-05-14,1051,15.0
HIDALGO,1188,2020-05-15,1120,15.0
HIDALGO,1233,2020-05-16,1188,15.0
HIDALGO,1288,2020-05-17,1233,15.0
HIDALGO,1378,2020-05-18,1288,15.0
HIDALGO,1458,2020-05-19,1378,14.0
HIDALGO,1531,2020-05-20,1458,14.0
HIDALGO,1584,2020-05-21,1531,14.0
HIDALGO,1664,2020-05-22,1584,14.0
HIDALGO,1738,2020-05-23,1664,14.0
HIDALGO,1785,2020-05-24,1738,14.0
HIDALGO,1886,2020-05-25,1785,13.0
HIDALGO,1938,2020-05-26,1886,14.0
HIDALGO,1982,2020-05-27,1938,14.0
HIDALGO,2031,2020-05-28,1982,13.0
HIDALGO,2078,2020-05-29,2031,14.0
HIDALGO,2122,2020-05-30,2078,14.0
HIDALGO,2150,2020-05-31,2122,14.0
HIDALGO,2172,2020-06-01,2150,12.0
HIDALGO,2184,2020-06-02,2172,11.0
HIDALGO,2193,2020-06-03,2184,8.0
HIDALGO,2195,2020-06-04,2193,2.0
JALISCO,1,2020-03-01,0,4.5
JALISCO,2,2020-03-01,0,2.5
JALISCO,3,2020-03-04,2,4.0
JALISCO,5,2020-03-06,3,2.5
JALISCO,6,2020-03-07,5,4.0
JALISCO,9,2020-03-08,6,3.0
JALISCO,12,2020-03-09,9,4.0
JALISCO,16,2020-03-10,12,4.0
JALISCO,22,2020-03-11,16,4.0
JALISCO,30,2020-03-12,22,3.0
JALISCO,38,2020-03-13,30,3.0
JALISCO,46,2020-03-14,38,3.0
JALISCO,48,2020-03-15,46,3.0
JALISCO,54,2020-03-16,48,3.0
JALISCO,66,2020-03-17,54,3.0
JALISCO,74,2020-03-18,66,3.0
JALISCO,82,2020-03-20,74,3.0
JALISCO,92,2020-03-21,82,3.0
JALISCO,98,2020-03-22,92,3.0
JALISCO,104,2020-03-23,98,3.0
JALISCO,108,2020-03-24,104,4.0
JALISCO,112,2020-03-25,108,4.0
JALISCO,113,2020-03-26,112,4.0
JALISCO,121,2020-03-27,113,5.0
JALISCO,123,2020-03-28,121,6.0
JALISCO,127,2020-03-29,123,6.0
JALISCO,135,2020-03-30,127,8.0
JALISCO,140,2020-03-31,135,8.0
JALISCO,143,2020-04-01,140,9.0
JALISCO,151,2020-04-02,143,9.0
JALISCO,159,2020-04-03,151,9.0
JALISCO,163,2020-04-04,159,9.0
JALISCO,166,2020-04-05,163,10.0
JALISCO,172,2020-04-06,166,10.0
JALISCO,182,2020-04-07,172,10.0
JALISCO,190,2020-04-08,182,10.0
JALISCO,196,2020-04-09,190,10.0
JALISCO,202,2020-04-10,196,11.0
JALISCO,206,2020-04-11,202,12.0
JALISCO,213,2020-04-12,206,13.0
JALISCO,223,2020-04-13,213,13.0
JALISCO,236,2020-04-14,223,13.0
JALISCO,243,2020-04-15,236,14.0
JALISCO,258,2020-04-16,243,14.0
JALISCO,271,2020-04-17,258,14.0
JALISCO,279,2020-04-18,271,14.0
JALISCO,290,2020-04-19,279,14.0
JALISCO,310,2020-04-20,290,14.0
JALISCO,330,2020-04-21,310,13.0
JALISCO,347,2020-04-22,330,13.0
JALISCO,370,2020-04-23,347,13.0
JALISCO,390,2020-04-24,370,13.0
JALISCO,407,2020-04-25,390,14.0
JALISCO,426,2020-04-26,407,14.0
JALISCO,446,2020-04-27,426,15.0
JALISCO,465,2020-04-28,446,15.0
JALISCO,484,2020-04-29,465,15.0
JALISCO,516,2020-04-30,484,14.0
JALISCO,539,2020-05-01,516,17.0
JALISCO,573,2020-05-02,539,16.0
JALISCO,600,2020-05-03,573,16.0
JALISCO,644,2020-05-04,600,16.0
JALISCO,678,2020-05-05,644,16.0
JALISCO,701,2020-05-06,678,16.0
JALISCO,730,2020-05-07,701,16.0
JALISCO,750,2020-05-08,730,18.0
JALISCO,787,2020-05-09,750,17.0
JALISCO,828,2020-05-10,787,17.0
JALISCO,876,2020-05-11,828,17.0
JALISCO,912,2020-05-12,876,18.0
JALISCO,960,2020-05-13,912,18.0
JALISCO,1009,2020-05-14,960,17.0
JALISCO,1055,2020-05-15,1009,17.0
JALISCO,1088,2020-05-16,1055,17.0
JALISCO,1154,2020-05-17,1088,16.0
JALISCO,1218,2020-05-18,1154,18.0
JALISCO,1296,2020-05-19,1218,18.0
JALISCO,1359,2020-05-20,1296,18.0
JALISCO,1430,2020-05-21,1359,18.0
JALISCO,1511,2020-05-22,1430,18.0
JALISCO,1596,2020-05-23,1511,17.0
JALISCO,1711,2020-05-24,1596,17.0
JALISCO,1860,2020-05-25,1711,14.0
JALISCO,1967,2020-05-26,1860,12.0
JALISCO,2090,2020-05-27,1967,12.0
JALISCO,2208,2020-05-28,2090,12.0
JALISCO,2331,2020-05-29,2208,11.0
JALISCO,2443,2020-05-30,2331,9.0
JALISCO,2519,2020-05-31,2443,9.0
JALISCO,2604,2020-06-01,2519,8.0
JALISCO,2642,2020-06-02,2604,7.0
MÉXICO,1,2020-02-19,0,1.0
MÉXICO,2,2020-02-21,1,1.0
MÉXICO,3,2020-02-26,2,1.0
MÉXICO,4,2020-02-29,3,2.0
MÉXICO,6,2020-03-02,4,2.0
MÉXICO,9,2020-03-03,6,2.0
MÉXICO,10,2020-03-04,9,2.0
MÉXICO,11,2020-03-05,10,2.0
MÉXICO,16,2020-03-07,11,2.0
MÉXICO,19,2020-03-08,16,2.0
MÉXICO,30,2020-03-09,19,2.0
MÉXICO,32,2020-03-10,30,2.0
MÉXICO,37,2020-03-11,32,2.0
MÉXICO,45,2020-03-12,37,2.0
MÉXICO,55,2020-03-13,45,2.0
MÉXICO,65,2020-03-14,55,2.0
MÉXICO,78,2020-03-15,65,2.0
MÉXICO,96,2020-03-16,78,2.0
MÉXICO,109,2020-03-17,96,2.0
MÉXICO,121,2020-03-18,109,2.0
MÉXICO,131,2020-03-19,121,2.0
MÉXICO,152,2020-03-20,131,2.0
MÉXICO,172,2020-03-21,152,2.0
MÉXICO,194,2020-03-22,172,2.0
MÉXICO,223,2020-03-23,194,2.0
MÉXICO,252,2020-03-24,223,2.0
MÉXICO,288,2020-03-25,252,2.0
MÉXICO,329,2020-03-26,288,2.0
MÉXICO,382,2020-03-27,329,2.0
MÉXICO,412,2020-03-28,382,2.0
MÉXICO,448,2020-03-29,412,2.0
MÉXICO,510,2020-03-30,448,2.0
MÉXICO,560,2020-03-31,510,2.0
MÉXICO,638,2020-04-01,560,2.0
MÉXICO,698,2020-04-02,638,2.0
MÉXICO,766,2020-04-03,698,2.0
MÉXICO,838,2020-04-04,766,2.0
MÉXICO,899,2020-04-05,838,2.0
MÉXICO,1006,2020-04-06,899,2.0
MÉXICO,1082,2020-04-07,1006,2.0
MÉXICO,1192,2020-04-08,1082,2.0
MÉXICO,1292,2020-04-09,1192,2.0
MÉXICO,1456,2020-04-10,1292,2.0
MÉXICO,1579,2020-04-11,1456,2.0
MÉXICO,1727,2020-04-12,1579,2.0
MÉXICO,1915,2020-04-13,1727,2.0
MÉXICO,2080,2020-04-14,1915,2.0
MÉXICO,2291,2020-04-15,2080,2.0
MÉXICO,2489,2020-04-16,2291,2.0
MÉXICO,2725,2020-04-17,2489,2.0
MÉXICO,2968,2020-04-18,2725,2.0
MÉXICO,3200,2020-04-19,2968,2.0
MÉXICO,3521,2020-04-20,3200,2.0
MÉXICO,3765,2020-04-21,3521,2.0
MÉXICO,4001,2020-04-22,3765,2.0
MÉXICO,4239,2020-04-23,4001,2.0
MÉXICO,4516,2020-04-24,4239,2.0
MÉXICO,4814,2020-04-25,4516,2.0
MÉXICO,5086,2020-04-26,4814,2.0
MÉXICO,5374,2020-04-27,5086,2.0
MÉXICO,5676,2020-04-28,5374,2.0
MÉXICO,5934,2020-04-29,5676,2.0
MÉXICO,6284,2020-04-30,5934,2.0
MÉXICO,6738,2020-05-01,6284,2.0
MÉXICO,7024,2020-05-02,6738,2.0
MÉXICO,7310,2020-05-03,7024,2.0
MÉXICO,7644,2020-05-04,7310,2.0
MÉXICO,8005,2020-05-05,7644,2.0
MÉXICO,8361,2020-05-06,8005,2.0
MÉXICO,8766,2020-05-07,8361,2.0
MÉXICO,9200,2020-05-08,8766,2.0
MÉXICO,9594,2020-05-09,9200,2.0
MÉXICO,10090,2020-05-10,9594,2.0
MÉXICO,10541,2020-05-11,10090,2.0
MÉXICO,10898,2020-05-12,10541,2.0
MÉXICO,11282,2020-05-13,10898,2.0
MÉXICO,11624,2020-05-14,11282,2.0
MÉXICO,12159,2020-05-15,11624,2.0
MÉXICO,12550,2020-05-16,12159,2.0
MÉXICO,12942,2020-05-17,12550,2.0
MÉXICO,13478,2020-05-18,12942,2.0
MÉXICO,13933,2020-05-19,13478,2.0
MÉXICO,14514,2020-05-20,13933,2.0
MÉXICO,14843,2020-05-21,14514,2.0
MÉXICO,15377,2020-05-22,14843,2.0
MÉXICO,15808,2020-05-23,15377,2.0
MÉXICO,16196,2020-05-24,15808,2.0
MÉXICO,16716,2020-05-25,16196,2.0
MÉXICO,17088,2020-05-26,16716,2.0
MÉXICO,17393,2020-05-27,17088,2.0
MÉXICO,17630,2020-05-28,17393,2.0
MÉXICO,17811,2020-05-29,17630,2.0
MÉXICO,17963,2020-05-30,17811,2.0
MÉXICO,18044,2020-05-31,17963,2.0
MÉXICO,18108,2020-06-01,18044,2.0
MÉXICO,18151,2020-06-02,18108,2.0
MÉXICO,18171,2020-06-03,18151,2.0
MICHOACÁN DE OCAMPO,1,2020-03-09,0,19.5
MICHOACÁN DE OCAMPO,9,2020-03-15,1,13.0
MICHOACÁN DE OCAMPO,10,2020-03-16,9,15.0
MICHOACÁN DE OCAMPO,12,2020-03-17,10,15.0
MICHOACÁN DE OCAMPO,16,2020-03-18,12,13.5
MICHOACÁN DE OCAMPO,17,2020-03-20,16,18.0
MICHOACÁN DE OCAMPO,21,2020-03-22,17,18.0
MICHOACÁN DE OCAMPO,25,2020-03-23,21,17.0
MICHOACÁN DE OCAMPO,27,2020-03-24,25,15.5
MICHOACÁN DE OCAMPO,31,2020-03-25,27,17.0
MICHOACÁN DE OCAMPO,33,2020-03-26,31,17.5
MICHOACÁN DE OCAMPO,36,2020-03-27,33,17.5
MICHOACÁN DE OCAMPO,37,2020-03-28,36,19.5
MICHOACÁN DE OCAMPO,38,2020-03-29,37,19.0
MICHOACÁN DE OCAMPO,41,2020-03-30,38,20.5
MICHOACÁN DE OCAMPO,42,2020-03-31,41,22.5
MICHOACÁN DE OCAMPO,52,2020-04-01,42,19.0
MICHOACÁN DE OCAMPO,55,2020-04-02,52,19.5
MICHOACÁN DE OCAMPO,58,2020-04-03,55,21.5
MICHOACÁN DE OCAMPO,61,2020-04-04,58,19.5
MICHOACÁN DE OCAMPO,67,2020-04-05,61,19.5
MICHOACÁN DE OCAMPO,72,2020-04-06,67,19.5
MICHOACÁN DE OCAMPO,86,2020-04-07,72,19.0
MICHOACÁN DE OCAMPO,94,2020-04-08,86,19.0
MICHOACÁN DE OCAMPO,101,2020-04-09,94,19.0
MICHOACÁN DE OCAMPO,115,2020-04-10,101,18.0
MICHOACÁN DE OCAMPO,122,2020-04-11,115,18.0
MICHOACÁN DE OCAMPO,133,2020-04-12,122,18.0
MICHOACÁN DE OCAMPO,152,2020-04-13,133,17.0
MICHOACÁN DE OCAMPO,161,2020-04-14,152,17.0
MICHOACÁN DE OCAMPO,175,2020-04-15,161,16.0
MICHOACÁN DE OCAMPO,192,2020-04-16,175,16.0
MICHOACÁN DE OCAMPO,213,2020-04-17,192,16.0
MICHOACÁN DE OCAMPO,229,2020-04-18,213,16.0
MICHOACÁN DE OCAMPO,242,2020-04-19,229,16.0
MICHOACÁN DE OCAMPO,280,2020-04-20,242,16.0
MICHOACÁN DE OCAMPO,296,2020-04-21,280,16.0
MICHOACÁN DE OCAMPO,317,2020-04-22,296,16.0
MICHOACÁN DE OCAMPO,341,2020-04-23,317,14.0
MICHOACÁN DE OCAMPO,367,2020-04-24,341,15.0
MICHOACÁN DE OCAMPO,391,2020-04-25,367,15.0
MICHOACÁN DE OCAMPO,425,2020-04-26,391,15.0
MICHOACÁN DE OCAMPO,449,2020-04-27,425,14.0
MICHOACÁN DE OCAMPO,470,2020-04-28,449,14.0
MICHOACÁN DE OCAMPO,489,2020-04-29,470,14.0
MICHOACÁN DE OCAMPO,518,2020-04-30,489,13.0
MICHOACÁN DE OCAMPO,563,2020-05-01,518,13.0
MICHOACÁN DE OCAMPO,592,2020-05-02,563,13.0
MICHOACÁN DE OCAMPO,648,2020-05-03,592,13.0
MICHOACÁN DE OCAMPO,695,2020-05-04,648,13.0
MICHOACÁN DE OCAMPO,750,2020-05-05,695,13.0
MICHOACÁN DE OCAMPO,789,2020-05-06,750,12.0
MICHOACÁN DE OCAMPO,836,2020-05-07,789,13.0
MICHOACÁN DE OCAMPO,900,2020-05-08,836,13.0
MICHOACÁN DE OCAMPO,941,2020-05-09,900,12.0
MICHOACÁN DE OCAMPO,1019,2020-05-10,941,12.0
MICHOACÁN DE OCAMPO,1085,2020-05-11,1019,12.0
MICHOACÁN DE OCAMPO,1149,2020-05-12,1085,12.0
MICHOACÁN DE OCAMPO,1212,2020-05-13,1149,12.0
MICHOACÁN DE OCAMPO,1293,2020-05-14,1212,11.0
MICHOACÁN DE OCAMPO,1394,2020-05-15,1293,11.0
MICHOACÁN DE OCAMPO,1461,2020-05-16,1394,12.0
MICHOACÁN DE OCAMPO,1512,2020-05-17,1461,12.0
MICHOACÁN DE OCAMPO,1586,2020-05-18,1512,12.0
MICHOACÁN DE OCAMPO,1650,2020-05-19,1586,11.0
MICHOACÁN DE OCAMPO,1743,2020-05-20,1650,11.0
MICHOACÁN DE OCAMPO,1815,2020-05-21,1743,10.0
MICHOACÁN DE OCAMPO,1892,2020-05-22,1815,10.0
MICHOACÁN DE OCAMPO,1941,2020-05-23,1892,10.0
MICHOACÁN DE OCAMPO,2014,2020-05-24,1941,10.0
MICHOACÁN DE OCAMPO,2102,2020-05-25,2014,10.0
MICHOACÁN DE OCAMPO,2160,2020-05-26,2102,10.0
MICHOACÁN DE OCAMPO,2210,2020-05-27,2160,10.0
MICHOACÁN DE OCAMPO,2270,2020-05-28,2210,11.0
MICHOACÁN DE OCAMPO,2291,2020-05-29,2270,12.0
MICHOACÁN DE OCAMPO,2306,2020-05-30,2291,12.0
MICHOACÁN DE OCAMPO,2314,2020-05-31,2306,12.5
MICHOACÁN DE OCAMPO,2322,2020-06-01,2314,11.0
MICHOACÁN DE OCAMPO,2324,2020-06-02,2322,10.0
MORELOS,1,2020-03-02,0,4.0
MORELOS,2,2020-03-09,1,14.5
MORELOS,3,2020-03-10,2,11.5
MORELOS,4,2020-03-14,3,17.0
MORELOS,5,2020-03-16,4,23.0
MORELOS,6,2020-03-17,5,20.5
MORELOS,7,2020-03-18,6,22.0
MORELOS,8,2020-03-19,7,19.5
MORELOS,9,2020-03-20,8,23.5
MORELOS,11,2020-03-21,9,20.5
MORELOS,13,2020-03-22,11,22.5
MORELOS,16,2020-03-23,13,22.0
MORELOS,17,2020-03-24,16,21.5
MORELOS,18,2020-03-25,17,25.5
MORELOS,20,2020-03-26,18,25.0
MORELOS,22,2020-03-27,20,24.5
MORELOS,25,2020-03-28,22,25.0
MORELOS,26,2020-03-29,25,24.0
MORELOS,30,2020-03-30,26,25.0
MORELOS,32,2020-03-31,30,25.0
MORELOS,41,2020-04-01,32,23.0
MORELOS,45,2020-04-02,41,24.0
MORELOS,49,2020-04-03,45,24.0
MORELOS,55,2020-04-04,49,23.0
MORELOS,62,2020-04-05,55,22.0
MORELOS,64,2020-04-06,62,22.0
MORELOS,67,2020-04-07,64,22.0
MORELOS,74,2020-04-08,67,22.0
MORELOS,76,2020-04-09,74,22.0
MORELOS,91,2020-04-10,76,20.0
MORELOS,97,2020-04-11,91,21.0
MORELOS,106,2020-04-12,97,20.5
MORELOS,123,2020-04-13,106,20.0
MORELOS,131,2020-04-14,123,20.0
MORELOS,148,2020-04-15,131,20.0
MORELOS,162,2020-04-16,148,20.0
MORELOS,180,2020-04-17,162,20.0
MORELOS,214,2020-04-18,180,18.0
MORELOS,236,2020-04-19,214,17.0
MORELOS,265,2020-04-20,236,17.0
MORELOS,283,2020-04-21,265,17.0
MORELOS,312,2020-04-22,283,17.0
MORELOS,337,2020-04-23,312,15.0
MORELOS,379,2020-04-24,337,14.0
MORELOS,413,2020-04-25,379,13.0
MORELOS,439,2020-04-26,413,13.0
MORELOS,469,2020-04-27,439,12.0
MORELOS,508,2020-04-28,469,12.0
MORELOS,551,2020-04-29,508,12.0
MORELOS,588,2020-04-30,551,12.0
MORELOS,632,2020-05-01,588,12.0
MORELOS,656,2020-05-02,632,12.0
MORELOS,683,2020-05-03,656,12.0
MORELOS,720,2020-05-04,683,12.0
MORELOS,756,2020-05-05,720,12.0
MORELOS,779,2020-05-06,756,14.0
MORELOS,807,2020-05-07,779,14.0
MORELOS,855,2020-05-08,807,14.0
MORELOS,882,2020-05-09,855,15.0
MORELOS,909,2020-05-10,882,15.0
MORELOS,943,2020-05-11,909,15.0
MORELOS,963,2020-05-12,943,16.0
MORELOS,983,2020-05-13,963,16.0
MORELOS,1002,2020-05-14,983,18.0
MORELOS,1037,2020-05-15,1002,18.0
MORELOS,1073,2020-05-16,1037,19.0
MORELOS,1111,2020-05-17,1073,19.0
MORELOS,1148,2020-05-18,1111,20.0
MORELOS,1182,2020-05-19,1148,20.0
MORELOS,1220,2020-05-20,1182,21.0
MORELOS,1253,2020-05-21,1220,21.0
MORELOS,1284,2020-05-22,1253,21.0
MORELOS,1323,2020-05-23,1284,21.0
MORELOS,1365,2020-05-24,1323,21.0
MORELOS,1395,2020-05-25,1365,21.0
MORELOS,1420,2020-05-26,1395,21.0
MORELOS,1447,2020-05-27,1420,21.0
MORELOS,1467,2020-05-28,1447,21.0
MORELOS,1504,2020-05-29,1467,21.0
MORELOS,1535,2020-05-30,1504,21.0
MORELOS,1556,2020-05-31,1535,20.0
MORELOS,1571,2020-06-01,1556,18.0
MORELOS,1573,2020-06-02,1571,16.0
NAYARIT,1,2020-03-10,0,14.5
NAYARIT,2,2020-03-15,1,20.5
NAYARIT,3,2020-03-17,2,24.0
NAYARIT,4,2020-03-19,3,23.0
NAYARIT,5,2020-03-21,4,25.0
NAYARIT,7,2020-03-24,5,26.0
NAYARIT,9,2020-03-27,7,27.0
NAYARIT,10,2020-03-28,9,29.0
NAYARIT,13,2020-03-31,10,29.5
NAYARIT,15,2020-04-01,13,28.0
NAYARIT,18,2020-04-02,15,27.0
NAYARIT,20,2020-04-03,18,29.0
NAYARIT,23,2020-04-04,20,27.5
NAYARIT,27,2020-04-05,23,27.0
NAYARIT,28,2020-04-06,27,28.0
NAYARIT,29,2020-04-07,28,26.0
NAYARIT,32,2020-04-08,29,28.0
NAYARIT,34,2020-04-09,32,28.0
NAYARIT,38,2020-04-10,34,28.0
NAYARIT,39,2020-04-11,38,29.0
NAYARIT,40,2020-04-12,39,29.0
NAYARIT,43,2020-04-13,40,29.0
NAYARIT,47,2020-04-14,43,29.0
NAYARIT,49,2020-04-15,47,29.0
NAYARIT,51,2020-04-16,49,29.0
NAYARIT,59,2020-04-17,51,29.0
NAYARIT,63,2020-04-18,59,29.0
NAYARIT,65,2020-04-19,63,29.0
NAYARIT,69,2020-04-20,65,29.0
NAYARIT,70,2020-04-21,69,29.5
NAYARIT,75,2020-04-22,70,29.0
NAYARIT,82,2020-04-23,75,29.0
NAYARIT,94,2020-04-24,82,29.0
NAYARIT,101,2020-04-25,94,29.0
NAYARIT,111,2020-04-26,101,29.0
NAYARIT,118,2020-04-27,111,29.0
NAYARIT,126,2020-04-28,118,29.0
NAYARIT,141,2020-04-29,126,29.0
NAYARIT,159,2020-04-30,141,29.0
NAYARIT,180,2020-05-01,159,29.0
NAYARIT,198,2020-05-02,180,28.5
NAYARIT,210,2020-05-03,198,28.0
NAYARIT,229,2020-05-04,210,28.0
NAYARIT,234,2020-05-05,229,29.0
NAYARIT,248,2020-05-06,234,29.0
NAYARIT,256,2020-05-07,248,29.0
NAYARIT,270,2020-05-08,256,29.0
NAYARIT,287,2020-05-09,270,29.0
NAYARIT,307,2020-05-10,287,29.0
NAYARIT,322,2020-05-11,307,29.0
NAYARIT,338,2020-05-12,322,29.0
NAYARIT,347,2020-05-13,338,29.0
NAYARIT,361,2020-05-14,347,29.0
NAYARIT,381,2020-05-15,361,29.0
NAYARIT,402,2020-05-16,381,29.0
NAYARIT,421,2020-05-17,402,29.0
NAYARIT,442,2020-05-18,421,29.0
NAYARIT,463,2020-05-19,442,29.0
NAYARIT,479,2020-05-20,463,29.0
NAYARIT,494,2020-05-21,479,29.0
NAYARIT,513,2020-05-22,494,29.0
NAYARIT,539,2020-05-23,513,29.0
NAYARIT,566,2020-05-24,539,29.0
NAYARIT,600,2020-05-25,566,29.0
NAYARIT,626,2020-05-26,600,29.0
NAYARIT,644,2020-05-27,626,29.0
NAYARIT,669,2020-05-28,644,29.0
NAYARIT,690,2020-05-29,669,29.0
NAYARIT,710,2020-05-30,690,29.0
NAYARIT,734,2020-05-31,710,26.5
NAYARIT,748,2020-06-01,734,24.0
NAYARIT,750,2020-06-02,748,22.0
NUEVO LEÓN,1,2020-01-13,0,1.0
NUEVO LEÓN,2,2020-03-02,1,3.0
NUEVO LEÓN,3,2020-03-04,2,4.0
NUEVO LEÓN,4,2020-03-05,3,3.0
NUEVO LEÓN,5,2020-03-06,4,2.5
NUEVO LEÓN,7,2020-03-07,5,3.0
NUEVO LEÓN,16,2020-03-09,7,3.0
NUEVO LEÓN,18,2020-03-10,16,3.0
NUEVO LEÓN,23,2020-03-11,18,3.0
NUEVO LEÓN,25,2020-03-12,23,4.0
NUEVO LEÓN,31,2020-03-13,25,4.0
NUEVO LEÓN,39,2020-03-14,31,4.0
NUEVO LEÓN,46,2020-03-15,39,4.0
NUEVO LEÓN,49,2020-03-16,46,4.0
NUEVO LEÓN,57,2020-03-17,49,4.0
NUEVO LEÓN,63,2020-03-18,57,4.0
NUEVO LEÓN,68,2020-03-19,63,3.0
NUEVO LEÓN,73,2020-03-20,68,4.0
NUEVO LEÓN,76,2020-03-21,73,4.0
NUEVO LEÓN,80,2020-03-22,76,4.0
NUEVO LEÓN,82,2020-03-23,80,6.0
NUEVO LEÓN,83,2020-03-24,82,6.0
NUEVO LEÓN,85,2020-03-25,83,7.0
NUEVO LEÓN,88,2020-03-26,85,7.0
NUEVO LEÓN,90,2020-03-27,88,8.0
NUEVO LEÓN,91,2020-03-28,90,10.0
NUEVO LEÓN,93,2020-03-29,91,10.0
NUEVO LEÓN,97,2020-03-30,93,10.0
NUEVO LEÓN,103,2020-03-31,97,10.0
NUEVO LEÓN,108,2020-04-01,103,10.0
NUEVO LEÓN,118,2020-04-02,108,10.5
NUEVO LEÓN,126,2020-04-03,118,11.0
NUEVO LEÓN,128,2020-04-04,126,11.0
NUEVO LEÓN,135,2020-04-05,128,11.0
NUEVO LEÓN,145,2020-04-06,135,11.0
NUEVO LEÓN,158,2020-04-07,145,11.0
NUEVO LEÓN,169,2020-04-08,158,11.0
NUEVO LEÓN,182,2020-04-09,169,11.0
NUEVO LEÓN,206,2020-04-10,182,10.0
NUEVO LEÓN,219,2020-04-11,206,10.0
NUEVO LEÓN,228,2020-04-12,219,11.0
NUEVO LEÓN,239,2020-04-13,228,11.0
NUEVO LEÓN,248,2020-04-14,239,11.0
NUEVO LEÓN,254,2020-04-15,248,12.5
NUEVO LEÓN,262,2020-04-16,254,13.0
NUEVO LEÓN,269,2020-04-17,262,15.0
NUEVO LEÓN,276,2020-04-18,269,15.0
NUEVO LEÓN,285,2020-04-19,276,15.0
NUEVO LEÓN,296,2020-04-20,285,15.0
NUEVO LEÓN,304,2020-04-21,296,15.0
NUEVO LEÓN,320,2020-04-22,304,15.0
NUEVO LEÓN,332,2020-04-23,320,16.0
NUEVO LEÓN,346,2020-04-24,332,16.0
NUEVO LEÓN,367,2020-04-25,346,16.0
NUEVO LEÓN,391,2020-04-26,367,16.0
NUEVO LEÓN,424,2020-04-27,391,16.0
NUEVO LEÓN,438,2020-04-28,424,16.0
NUEVO LEÓN,452,2020-04-29,438,17.0
NUEVO LEÓN,475,2020-04-30,452,18.5
NUEVO LEÓN,513,2020-05-01,475,18.0
NUEVO LEÓN,532,2020-05-02,513,19.0
NUEVO LEÓN,550,2020-05-03,532,19.0
NUEVO LEÓN,579,2020-05-04,550,19.0
NUEVO LEÓN,657,2020-05-05,579,17.0
NUEVO LEÓN,680,2020-05-06,657,18.0
NUEVO LEÓN,708,2020-05-07,680,18.0
NUEVO LEÓN,753,2020-05-08,708,17.0
NUEVO LEÓN,785,2020-05-09,753,18.0
NUEVO LEÓN,823,2020-05-10,785,18.0
NUEVO LEÓN,872,2020-05-11,823,18.0
NUEVO LEÓN,917,2020-05-12,872,17.0
NUEVO LEÓN,975,2020-05-13,917,17.0
NUEVO LEÓN,1010,2020-05-14,975,16.0
NUEVO LEÓN,1060,2020-05-15,1010,16.0
NUEVO LEÓN,1087,2020-05-16,1060,18.0
NUEVO LEÓN,1119,2020-05-17,1087,18.0
NUEVO LEÓN,1173,2020-05-18,1119,19.0
NUEVO LEÓN,1227,2020-05-19,1173,19.0
NUEVO LEÓN,1270,2020-05-20,1227,19.0
NUEVO LEÓN,1302,2020-05-21,1270,19.0
NUEVO LEÓN,1346,2020-05-22,1302,20.0
NUEVO LEÓN,1406,2020-05-23,1346,20.0
NUEVO LEÓN,1444,2020-05-24,1406,20.0
NUEVO LEÓN,1516,2020-05-25,1444,20.0
NUEVO LEÓN,1578,2020-05-26,1516,20.0
NUEVO LEÓN,1631,2020-05-27,1578,20.0
NUEVO LEÓN,1654,2020-05-28,1631,20.0
NUEVO LEÓN,1688,2020-05-29,1654,20.0
NUEVO LEÓN,1706,2020-05-30,1688,20.0
NUEVO LEÓN,1726,2020-05-31,1706,19.0
NUEVO LEÓN,1749,2020-06-01,1726,17.0
NUEVO LEÓN,1769,2020-06-02,1749,15.0
NUEVO LEÓN,1789,2020-06-03,1769,10.0
NUEVO LEÓN,1796,2020-06-04,1789,3.0
OAXACA,1,2020-03-09,0,19.5
OAXACA,2,2020-03-10,1,13.0
OAXACA,4,2020-03-12,2,13.0
OAXACA,5,2020-03-16,4,23.0
OAXACA,7,2020-03-19,5,21.5
OAXACA,10,2020-03-20,7,22.0
OAXACA,11,2020-03-21,10,20.5
OAXACA,12,2020-03-22,11,24.0
OAXACA,16,2020-03-23,12,22.0
OAXACA,17,2020-03-24,16,21.5
OAXACA,18,2020-03-25,17,25.5
OAXACA,21,2020-03-26,18,24.0
OAXACA,24,2020-03-27,21,23.0
OAXACA,28,2020-03-28,24,23.0
OAXACA,30,2020-03-29,28,22.0
OAXACA,34,2020-03-30,30,24.0
OAXACA,35,2020-03-31,34,24.0
OAXACA,36,2020-04-01,35,24.0
OAXACA,41,2020-04-03,36,25.0
OAXACA,43,2020-04-04,41,25.5
OAXACA,47,2020-04-05,43,25.0
OAXACA,52,2020-04-06,47,25.0
OAXACA,54,2020-04-08,52,27.0
OAXACA,60,2020-04-09,54,26.0
OAXACA,67,2020-04-10,60,26.0
OAXACA,69,2020-04-11,67,26.0
OAXACA,73,2020-04-12,69,25.0
OAXACA,75,2020-04-13,73,26.5
OAXACA,87,2020-04-14,75,25.0
OAXACA,97,2020-04-15,87,25.0
OAXACA,101,2020-04-16,97,26.0
OAXACA,108,2020-04-17,101,26.0
OAXACA,115,2020-04-18,108,26.0
OAXACA,123,2020-04-19,115,25.0
OAXACA,133,2020-04-20,123,25.0
OAXACA,142,2020-04-21,133,25.0
OAXACA,151,2020-04-22,142,25.0
OAXACA,165,2020-04-23,151,25.0
OAXACA,176,2020-04-24,165,25.0
OAXACA,183,2020-04-25,176,25.0
OAXACA,198,2020-04-26,183,25.0
OAXACA,211,2020-04-27,198,25.0
OAXACA,227,2020-04-28,211,25.0
OAXACA,242,2020-04-29,227,25.0
OAXACA,273,2020-04-30,242,25.0
OAXACA,295,2020-05-01,273,25.0
OAXACA,321,2020-05-02,295,25.0
OAXACA,341,2020-05-03,321,25.0
OAXACA,364,2020-05-04,341,25.0
OAXACA,407,2020-05-05,364,25.0
OAXACA,430,2020-05-06,407,24.0
OAXACA,469,2020-05-07,430,23.0
OAXACA,515,2020-05-08,469,23.0
OAXACA,553,2020-05-09,515,22.0
OAXACA,629,2020-05-10,553,22.0
OAXACA,705,2020-05-11,629,22.0
OAXACA,790,2020-05-12,705,21.0
OAXACA,853,2020-05-13,790,20.0
OAXACA,911,2020-05-14,853,20.0
OAXACA,992,2020-05-15,911,20.0
OAXACA,1062,2020-05-16,992,20.0
OAXACA,1109,2020-05-17,1062,20.0
OAXACA,1234,2020-05-18,1109,17.0
OAXACA,1304,2020-05-19,1234,17.0
OAXACA,1398,2020-05-20,1304,17.0
OAXACA,1461,2020-05-21,1398,17.0
OAXACA,1530,2020-05-22,1461,17.0
OAXACA,1595,2020-05-23,1530,18.0
OAXACA,1653,2020-05-24,1595,18.0
OAXACA,1756,2020-05-25,1653,18.0
OAXACA,1816,2020-05-26,1756,17.0
OAXACA,1861,2020-05-27,1816,18.0
OAXACA,1931,2020-05-28,1861,18.0
OAXACA,1996,2020-05-29,1931,18.0
OAXACA,2038,2020-05-30,1996,16.0
OAXACA,2059,2020-05-31,2038,16.0
OAXACA,2084,2020-06-01,2059,14.0
PUEBLA,1,2020-03-05,0,5.5
PUEBLA,2,2020-03-05,0,4.0
PUEBLA,4,2020-03-08,2,4.5
PUEBLA,8,2020-03-09,4,5.0
PUEBLA,11,2020-03-10,8,5.0
PUEBLA,13,2020-03-11,11,5.0
PUEBLA,14,2020-03-12,13,5.0
PUEBLA,18,2020-03-13,14,5.0
PUEBLA,22,2020-03-14,18,5.0
PUEBLA,25,2020-03-15,22,5.0
PUEBLA,36,2020-03-16,25,5.0
PUEBLA,40,2020-03-17,36,5.0
PUEBLA,46,2020-03-18,40,5.0
PUEBLA,48,2020-03-19,46,5.0
PUEBLA,58,2020-03-20,48,6.0
PUEBLA,67,2020-03-21,58,6.0
PUEBLA,76,2020-03-22,67,6.0
PUEBLA,91,2020-03-23,76,5.0
PUEBLA,98,2020-03-24,91,5.0
PUEBLA,102,2020-03-25,98,5.0
PUEBLA,108,2020-03-26,102,5.0
PUEBLA,122,2020-03-27,108,4.0
PUEBLA,147,2020-03-28,122,4.0
PUEBLA,172,2020-03-29,147,4.0
PUEBLA,191,2020-03-30,172,4.0
PUEBLA,200,2020-03-31,191,4.0
PUEBLA,216,2020-04-01,200,4.0
PUEBLA,239,2020-04-02,216,4.0
PUEBLA,255,2020-04-03,239,4.0
PUEBLA,267,2020-04-04,255,4.0
PUEBLA,279,2020-04-05,267,4.0
PUEBLA,298,2020-04-06,279,6.0
PUEBLA,304,2020-04-07,298,6.0
PUEBLA,313,2020-04-08,304,6.0
PUEBLA,327,2020-04-09,313,7.0
PUEBLA,347,2020-04-10,327,7.0
PUEBLA,366,2020-04-11,347,7.0
PUEBLA,384,2020-04-12,366,7.0
PUEBLA,414,2020-04-13,384,7.0
PUEBLA,432,2020-04-14,414,7.0
PUEBLA,454,2020-04-15,432,7.0
PUEBLA,476,2020-04-16,454,7.0
PUEBLA,507,2020-04-17,476,7.0
PUEBLA,545,2020-04-18,507,7.0
PUEBLA,574,2020-04-19,545,7.0
PUEBLA,613,2020-04-20,574,7.0
PUEBLA,653,2020-04-21,613,7.0
PUEBLA,677,2020-04-22,653,7.0
PUEBLA,709,2020-04-23,677,7.0
PUEBLA,761,2020-04-24,709,7.0
PUEBLA,799,2020-04-25,761,7.0
PUEBLA,836,2020-04-26,799,8.0
PUEBLA,885,2020-04-27,836,8.0
PUEBLA,915,2020-04-28,885,8.0
PUEBLA,950,2020-04-29,915,8.0
PUEBLA,985,2020-04-30,950,8.0
PUEBLA,1031,2020-05-01,985,8.0
PUEBLA,1069,2020-05-02,1031,8.0
PUEBLA,1106,2020-05-03,1069,8.0
PUEBLA,1170,2020-05-04,1106,8.0
PUEBLA,1230,2020-05-05,1170,8.0
PUEBLA,1300,2020-05-06,1230,7.0
PUEBLA,1368,2020-05-07,1300,7.0
PUEBLA,1452,2020-05-08,1368,7.0
PUEBLA,1528,2020-05-09,1452,7.0
PUEBLA,1616,2020-05-10,1528,7.0
PUEBLA,1729,2020-05-11,1616,7.0
PUEBLA,1849,2020-05-12,1729,7.0
PUEBLA,1949,2020-05-13,1849,7.0
PUEBLA,2052,2020-05-14,1949,7.0
PUEBLA,2175,2020-05-15,2052,7.0
PUEBLA,2258,2020-05-16,2175,7.0
PUEBLA,2375,2020-05-17,2258,7.0
PUEBLA,2519,2020-05-18,2375,7.0
PUEBLA,2634,2020-05-19,2519,7.0
PUEBLA,2802,2020-05-20,2634,7.0
PUEBLA,2908,2020-05-21,2802,7.0
PUEBLA,3049,2020-05-22,2908,7.0
PUEBLA,3177,2020-05-23,3049,7.0
PUEBLA,3269,2020-05-24,3177,7.0
PUEBLA,3415,2020-05-25,3269,7.0
PUEBLA,3516,2020-05-26,3415,7.0
PUEBLA,3606,2020-05-27,3516,7.0
PUEBLA,3701,2020-05-28,3606,7.0
PUEBLA,3775,2020-05-29,3701,7.0
PUEBLA,3834,2020-05-30,3775,7.0
PUEBLA,3886,2020-05-31,3834,7.0
PUEBLA,3947,2020-06-01,3886,7.0
PUEBLA,3980,2020-06-02,3947,6.0
PUEBLA,4006,2020-06-03,3980,6.0
QUERÉTARO,1,2020-03-05,0,5.5
QUERÉTARO,2,2020-03-08,1,7.5
QUERÉTARO,3,2020-03-09,2,9.5
QUERÉTARO,7,2020-03-10,3,7.0
QUERÉTARO,8,2020-03-11,7,7.5
QUERÉTARO,9,2020-03-13,8,9.0
QUERÉTARO,10,2020-03-14,9,9.0
QUERÉTARO,11,2020-03-15,10,9.0
QUERÉTARO,14,2020-03-16,11,10.0
QUERÉTARO,17,2020-03-17,14,10.0
QUERÉTARO,19,2020-03-18,17,11.0
QUERÉTARO,22,2020-03-20,19,13.0
QUERÉTARO,24,2020-03-21,22,14.0
QUERÉTARO,26,2020-03-22,24,14.0
QUERÉTARO,30,2020-03-23,26,15.0
QUERÉTARO,34,2020-03-25,30,15.0
QUERÉTARO,37,2020-03-26,34,15.0
QUERÉTARO,40,2020-03-27,37,16.0
QUERÉTARO,41,2020-03-29,40,17.0
QUERÉTARO,42,2020-03-30,41,18.5
QUERÉTARO,44,2020-03-31,42,20.5
QUERÉTARO,48,2020-04-01,44,21.0
QUERÉTARO,50,2020-04-02,48,23.0
QUERÉTARO,54,2020-04-03,50,23.0
QUERÉTARO,57,2020-04-04,54,22.0
QUERÉTARO,59,2020-04-05,57,23.0
QUERÉTARO,62,2020-04-06,59,24.0
QUERÉTARO,65,2020-04-07,62,23.0
QUERÉTARO,67,2020-04-08,65,23.0
QUERÉTARO,71,2020-04-09,67,23.0
QUERÉTARO,76,2020-04-10,71,24.0
QUERÉTARO,83,2020-04-11,76,23.0
QUERÉTARO,89,2020-04-12,83,23.0
QUERÉTARO,90,2020-04-13,89,23.5
QUERÉTARO,94,2020-04-14,90,24.0
QUERÉTARO,100,2020-04-15,94,24.0
QUERÉTARO,103,2020-04-16,100,24.5
QUERÉTARO,109,2020-04-17,103,25.0
QUERÉTARO,116,2020-04-18,109,25.0
QUERÉTARO,120,2020-04-19,116,26.0
QUERÉTARO,126,2020-04-20,120,26.0
QUERÉTARO,129,2020-04-21,126,26.0
QUERÉTARO,138,2020-04-22,129,26.0
QUERÉTARO,142,2020-04-23,138,26.0
QUERÉTARO,143,2020-04-24,142,26.0
QUERÉTARO,151,2020-04-25,143,26.0
QUERÉTARO,161,2020-04-26,151,26.0
QUERÉTARO,169,2020-04-27,161,26.0
QUERÉTARO,174,2020-04-28,169,27.0
QUERÉTARO,180,2020-04-29,174,27.0
QUERÉTARO,188,2020-04-30,180,27.0
QUERÉTARO,202,2020-05-01,188,27.0
QUERÉTARO,210,2020-05-02,202,27.0
QUERÉTARO,221,2020-05-03,210,27.0
QUERÉTARO,235,2020-05-04,221,27.0
QUERÉTARO,263,2020-05-05,235,27.0
QUERÉTARO,282,2020-05-06,263,27.0
QUERÉTARO,320,2020-05-07,282,27.0
QUERÉTARO,356,2020-05-08,320,27.0
QUERÉTARO,381,2020-05-09,356,27.0
QUERÉTARO,423,2020-05-10,381,27.0
QUERÉTARO,466,2020-05-11,423,27.0
QUERÉTARO,511,2020-05-12,466,25.0
QUERÉTARO,533,2020-05-13,511,25.0
QUERÉTARO,563,2020-05-14,533,24.0
QUERÉTARO,609,2020-05-15,563,24.0
QUERÉTARO,658,2020-05-16,609,24.0
QUERÉTARO,685,2020-05-17,658,24.0
QUERÉTARO,717,2020-05-18,685,24.0
QUERÉTARO,757,2020-05-19,717,24.0
QUERÉTARO,795,2020-05-20,757,24.0
QUERÉTARO,830,2020-05-21,795,24.0
QUERÉTARO,865,2020-05-22,830,24.0
QUERÉTARO,892,2020-05-23,865,24.0
QUERÉTARO,925,2020-05-24,892,24.0
QUERÉTARO,973,2020-05-25,925,24.0
QUERÉTARO,999,2020-05-26,973,24.0
QUERÉTARO,1015,2020-05-27,999,25.0
QUERÉTARO,1038,2020-05-28,1015,25.0
QUERÉTARO,1067,2020-05-29,1038,25.0
QUERÉTARO,1096,2020-05-30,1067,25.0
QUERÉTARO,1111,2020-05-31,1096,24.0
QUERÉTARO,1141,2020-06-01,1111,22.0
QUERÉTARO,1157,2020-06-02,1141,19.0
QUINTANA ROO,1,2020-03-01,0,4.5
QUINTANA ROO,2,2020-03-08,1,7.5
QUINTANA ROO,3,2020-03-09,2,9.5
QUINTANA ROO,5,2020-03-10,3,8.5
QUINTANA ROO,8,2020-03-11,5,7.5
QUINTANA ROO,9,2020-03-12,8,7.0
QUINTANA ROO,12,2020-03-13,9,7.5
QUINTANA ROO,16,2020-03-14,12,7.5
QUINTANA ROO,22,2020-03-15,16,6.0
QUINTANA ROO,24,2020-03-16,22,6.5
QUINTANA ROO,27,2020-03-17,24,8.0
QUINTANA ROO,34,2020-03-18,27,8.0
QUINTANA ROO,39,2020-03-19,34,7.0
QUINTANA ROO,47,2020-03-20,39,7.5
QUINTANA ROO,56,2020-03-21,47,7.0
QUINTANA ROO,62,2020-03-22,56,7.0
QUINTANA ROO,72,2020-03-23,62,7.0
QUINTANA ROO,78,2020-03-24,72,7.0
QUINTANA ROO,91,2020-03-25,78,6.0
QUINTANA ROO,97,2020-03-26,91,6.0
QUINTANA ROO,118,2020-03-27,97,6.0
QUINTANA ROO,134,2020-03-28,118,5.0
QUINTANA ROO,152,2020-03-29,134,5.0
QUINTANA ROO,169,2020-03-30,152,5.0
QUINTANA ROO,182,2020-03-31,169,5.0
QUINTANA ROO,201,2020-04-01,182,5.0
QUINTANA ROO,216,2020-04-02,201,5.0
QUINTANA ROO,235,2020-04-03,216,5.0
QUINTANA ROO,249,2020-04-04,235,6.0
QUINTANA ROO,276,2020-04-05,249,6.0
QUINTANA ROO,305,2020-04-06,276,5.0
QUINTANA ROO,320,2020-04-07,305,5.0
QUINTANA ROO,340,2020-04-08,320,5.0
QUINTANA ROO,366,2020-04-09,340,5.0
QUINTANA ROO,398,2020-04-10,366,6.0
QUINTANA ROO,429,2020-04-11,398,5.0
QUINTANA ROO,458,2020-04-12,429,6.0
QUINTANA ROO,487,2020-04-13,458,6.0
QUINTANA ROO,517,2020-04-14,487,6.0
QUINTANA ROO,545,2020-04-15,517,6.0
QUINTANA ROO,586,2020-04-16,545,6.0
QUINTANA ROO,621,2020-04-17,586,6.0
QUINTANA ROO,666,2020-04-18,621,6.0
QUINTANA ROO,690,2020-04-19,666,6.0
QUINTANA ROO,745,2020-04-20,690,6.0
QUINTANA ROO,777,2020-04-21,745,6.0
QUINTANA ROO,804,2020-04-22,777,6.0
QUINTANA ROO,830,2020-04-23,804,6.0
QUINTANA ROO,852,2020-04-24,830,6.0
QUINTANA ROO,896,2020-04-25,852,6.0
QUINTANA ROO,932,2020-04-26,896,6.0
QUINTANA ROO,966,2020-04-27,932,6.0
QUINTANA ROO,998,2020-04-28,966,7.0
QUINTANA ROO,1027,2020-04-29,998,7.0
QUINTANA ROO,1049,2020-04-30,1027,7.0
QUINTANA ROO,1083,2020-05-01,1049,7.0
QUINTANA ROO,1162,2020-05-02,1083,7.0
QUINTANA ROO,1189,2020-05-03,1162,7.0
QUINTANA ROO,1222,2020-05-04,1189,7.0
QUINTANA ROO,1242,2020-05-05,1222,7.0
QUINTANA ROO,1273,2020-05-06,1242,8.0
QUINTANA ROO,1295,2020-05-07,1273,8.0
QUINTANA ROO,1333,2020-05-08,1295,8.0
QUINTANA ROO,1373,2020-05-09,1333,8.0
QUINTANA ROO,1409,2020-05-10,1373,8.0
QUINTANA ROO,1426,2020-05-11,1409,8.0
QUINTANA ROO,1453,2020-05-12,1426,8.0
QUINTANA ROO,1492,2020-05-13,1453,8.0
QUINTANA ROO,1518,2020-05-14,1492,8.0
QUINTANA ROO,1551,2020-05-15,1518,8.0
QUINTANA ROO,1582,2020-05-16,1551,9.0
QUINTANA ROO,1608,2020-05-17,1582,9.0
QUINTANA ROO,1658,2020-05-18,1608,10.0
QUINTANA ROO,1705,2020-05-19,1658,10.0
QUINTANA ROO,1746,2020-05-20,1705,10.0
QUINTANA ROO,1774,2020-05-21,1746,11.0
QUINTANA ROO,1805,2020-05-22,1774,11.0
QUINTANA ROO,1838,2020-05-23,1805,11.0
QUINTANA ROO,1876,2020-05-24,1838,11.0
QUINTANA ROO,1925,2020-05-25,1876,12.0
QUINTANA ROO,1948,2020-05-26,1925,13.0
QUINTANA ROO,1994,2020-05-27,1948,13.0
QUINTANA ROO,2029,2020-05-28,1994,14.0
QUINTANA ROO,2066,2020-05-29,2029,15.0
QUINTANA ROO,2100,2020-05-30,2066,15.0
QUINTANA ROO,2126,2020-05-31,2100,15.0
QUINTANA ROO,2148,2020-06-01,2126,13.0
QUINTANA ROO,2159,2020-06-02,2148,12.0
SAN LUIS POTOSÍ,1,2020-03-07,0,7.5
SAN LUIS POTOSÍ,2,2020-03-09,1,14.5
SAN LUIS POTOSÍ,3,2020-03-11,2,11.0
SAN LUIS POTOSÍ,4,2020-03-12,3,13.0
SAN LUIS POTOSÍ,5,2020-03-14,4,15.5
SAN LUIS POTOSÍ,9,2020-03-15,5,13.0
SAN LUIS POTOSÍ,11,2020-03-16,9,13.5
SAN LUIS POTOSÍ,12,2020-03-17,11,15.0
SAN LUIS POTOSÍ,16,2020-03-18,12,13.5
SAN LUIS POTOSÍ,18,2020-03-19,16,11.5
SAN LUIS POTOSÍ,19,2020-03-20,18,15.5
SAN LUIS POTOSÍ,21,2020-03-21,19,16.0
SAN LUIS POTOSÍ,24,2020-03-22,21,15.0
SAN LUIS POTOSÍ,29,2020-03-24,24,14.0
SAN LUIS POTOSÍ,32,2020-03-25,29,16.0
SAN LUIS POTOSÍ,33,2020-03-26,32,17.5
SAN LUIS POTOSÍ,36,2020-03-27,33,17.5
SAN LUIS POTOSÍ,38,2020-03-28,36,18.0
SAN LUIS POTOSÍ,40,2020-03-29,38,18.0
SAN LUIS POTOSÍ,41,2020-03-30,40,20.5
SAN LUIS POTOSÍ,45,2020-03-31,41,19.0
SAN LUIS POTOSÍ,51,2020-04-01,45,20.0
SAN LUIS POTOSÍ,54,2020-04-02,51,21.0
SAN LUIS POTOSÍ,58,2020-04-03,54,21.5
SAN LUIS POTOSÍ,61,2020-04-04,58,19.5
SAN LUIS POTOSÍ,63,2020-04-06,61,23.0
SAN LUIS POTOSÍ,65,2020-04-08,63,25.0
SAN LUIS POTOSÍ,67,2020-04-09,65,25.0
SAN LUIS POTOSÍ,69,2020-04-10,67,25.0
SAN LUIS POTOSÍ,70,2020-04-11,69,25.0
SAN LUIS POTOSÍ,71,2020-04-12,70,26.0
SAN LUIS POTOSÍ,75,2020-04-13,71,26.5
SAN LUIS POTOSÍ,82,2020-04-14,75,26.5
SAN LUIS POTOSÍ,83,2020-04-15,82,27.0
SAN LUIS POTOSÍ,85,2020-04-16,83,27.0
SAN LUIS POTOSÍ,86,2020-04-17,85,27.0
SAN LUIS POTOSÍ,88,2020-04-18,86,27.0
SAN LUIS POTOSÍ,89,2020-04-19,88,27.0
SAN LUIS POTOSÍ,99,2020-04-20,89,27.0
SAN LUIS POTOSÍ,107,2020-04-21,99,27.0
SAN LUIS POTOSÍ,109,2020-04-22,107,27.0
SAN LUIS POTOSÍ,112,2020-04-23,109,27.0
SAN LUIS POTOSÍ,118,2020-04-24,112,27.0
SAN LUIS POTOSÍ,134,2020-04-25,118,27.0
SAN LUIS POTOSÍ,145,2020-04-26,134,27.0
SAN LUIS POTOSÍ,166,2020-04-27,145,27.0
SAN LUIS POTOSÍ,185,2020-04-28,166,26.0
SAN LUIS POTOSÍ,193,2020-04-29,185,26.0
SAN LUIS POTOSÍ,210,2020-04-30,193,26.0
SAN LUIS POTOSÍ,232,2020-05-01,210,26.0
SAN LUIS POTOSÍ,248,2020-05-02,232,26.0
SAN LUIS POTOSÍ,269,2020-05-03,248,26.0
SAN LUIS POTOSÍ,299,2020-05-04,269,26.0
SAN LUIS POTOSÍ,327,2020-05-05,299,26.0
SAN LUIS POTOSÍ,346,2020-05-06,327,26.0
SAN LUIS POTOSÍ,374,2020-05-07,346,26.0
SAN LUIS POTOSÍ,403,2020-05-08,374,26.0
SAN LUIS POTOSÍ,427,2020-05-09,403,26.0
SAN LUIS POTOSÍ,459,2020-05-10,427,26.0
SAN LUIS POTOSÍ,482,2020-05-11,459,25.0
SAN LUIS POTOSÍ,499,2020-05-12,482,26.0
SAN LUIS POTOSÍ,523,2020-05-13,499,26.0
SAN LUIS POTOSÍ,557,2020-05-14,523,26.0
SAN LUIS POTOSÍ,589,2020-05-15,557,25.0
SAN LUIS POTOSÍ,609,2020-05-16,589,25.0
SAN LUIS POTOSÍ,637,2020-05-17,609,25.0
SAN LUIS POTOSÍ,671,2020-05-18,637,25.0
SAN LUIS POTOSÍ,705,2020-05-19,671,25.0
SAN LUIS POTOSÍ,750,2020-05-20,705,25.0
SAN LUIS POTOSÍ,781,2020-05-21,750,25.0
SAN LUIS POTOSÍ,825,2020-05-22,781,25.0
SAN LUIS POTOSÍ,875,2020-05-23,825,25.0
SAN LUIS POTOSÍ,916,2020-05-24,875,25.0
SAN LUIS POTOSÍ,953,2020-05-25,916,25.0
SAN LUIS POTOSÍ,981,2020-05-26,953,25.0
SAN LUIS POTOSÍ,1018,2020-05-27,981,24.0
SAN LUIS POTOSÍ,1050,2020-05-28,1018,24.0
SAN LUIS POTOSÍ,1090,2020-05-29,1050,24.0
SAN LUIS POTOSÍ,1119,2020-05-30,1090,24.0
SAN LUIS POTOSÍ,1142,2020-05-31,1119,23.0
SAN LUIS POTOSÍ,1171,2020-06-01,1142,21.0
SAN LUIS POTOSÍ,1185,2020-06-02,1171,18.0
SAN LUIS POTOSÍ,1191,2020-06-03,1185,12.0
SINALOA,1,2020-01-29,0,1.0
SINALOA,2,2020-03-01,1,2.5
SINALOA,3,2020-03-09,2,9.5
SINALOA,4,2020-03-12,3,13.0
SINALOA,6,2020-03-14,4,13.5
SINALOA,8,2020-03-15,6,15.5
SINALOA,11,2020-03-16,8,13.5
SINALOA,13,2020-03-17,11,13.0
SINALOA,14,2020-03-18,13,16.5
SINALOA,18,2020-03-19,14,11.5
SINALOA,24,2020-03-20,18,12.0
SINALOA,30,2020-03-21,24,11.0
SINALOA,37,2020-03-22,30,11.0
SINALOA,53,2020-03-23,37,9.0
SINALOA,66,2020-03-24,53,8.0
SINALOA,75,2020-03-25,66,8.0
SINALOA,86,2020-03-26,75,8.0
SINALOA,99,2020-03-27,86,7.0
SINALOA,109,2020-03-28,99,7.0
SINALOA,124,2020-03-29,109,7.0
SINALOA,140,2020-03-30,124,6.0
SINALOA,164,2020-03-31,140,6.0
SINALOA,182,2020-04-01,164,6.0
SINALOA,203,2020-04-02,182,6.0
SINALOA,230,2020-04-03,203,6.0
SINALOA,255,2020-04-04,230,5.0
SINALOA,277,2020-04-05,255,5.0
SINALOA,306,2020-04-06,277,4.0
SINALOA,335,2020-04-07,306,4.0
SINALOA,374,2020-04-08,335,4.0
SINALOA,411,2020-04-09,374,4.0
SINALOA,458,2020-04-10,411,4.0
SINALOA,497,2020-04-11,458,4.0
SINALOA,539,2020-04-12,497,4.0
SINALOA,584,2020-04-13,539,4.0
SINALOA,619,2020-04-14,584,4.0
SINALOA,654,2020-04-15,619,4.0
SINALOA,698,2020-04-16,654,4.0
SINALOA,749,2020-04-17,698,4.0
SINALOA,798,2020-04-18,749,5.0
SINALOA,856,2020-04-19,798,5.0
SINALOA,943,2020-04-20,856,5.0
SINALOA,983,2020-04-21,943,5.0
SINALOA,1026,2020-04-22,983,5.0
SINALOA,1080,2020-04-23,1026,5.0
SINALOA,1148,2020-04-24,1080,5.0
SINALOA,1215,2020-04-25,1148,5.0
SINALOA,1256,2020-04-26,1215,5.0
SINALOA,1308,2020-04-27,1256,5.0
SINALOA,1348,2020-04-28,1308,5.0
SINALOA,1400,2020-04-29,1348,5.0
SINALOA,1467,2020-04-30,1400,5.0
SINALOA,1572,2020-05-01,1467,5.0
SINALOA,1615,2020-05-02,1572,5.0
SINALOA,1687,2020-05-03,1615,5.0
SINALOA,1753,2020-05-04,1687,5.0
SINALOA,1819,2020-05-05,1753,5.0
SINALOA,1874,2020-05-06,1819,5.0
SINALOA,1955,2020-05-07,1874,5.0
SINALOA,2023,2020-05-08,1955,6.0
SINALOA,2094,2020-05-09,2023,6.0
SINALOA,2217,2020-05-10,2094,6.0
SINALOA,2310,2020-05-11,2217,6.0
SINALOA,2404,2020-05-12,2310,6.0
SINALOA,2478,2020-05-13,2404,6.0
SINALOA,2578,2020-05-14,2478,6.0
SINALOA,2757,2020-05-15,2578,6.0
SINALOA,2873,2020-05-16,2757,6.0
SINALOA,2972,2020-05-17,2873,6.0
SINALOA,3099,2020-05-18,2972,6.0
SINALOA,3221,2020-05-19,3099,6.0
SINALOA,3372,2020-05-20,3221,6.0
SINALOA,3495,2020-05-21,3372,6.0
SINALOA,3634,2020-05-22,3495,6.0
SINALOA,3763,2020-05-23,3634,6.0
SINALOA,3890,2020-05-24,3763,6.0
SINALOA,4031,2020-05-25,3890,6.0
SINALOA,4121,2020-05-26,4031,6.0
SINALOA,4193,2020-05-27,4121,6.0
SINALOA,4262,2020-05-28,4193,6.0
SINALOA,4311,2020-05-29,4262,6.0
SINALOA,4346,2020-05-30,4311,6.0
SINALOA,4369,2020-05-31,4346,6.0
SINALOA,4389,2020-06-01,4369,6.0
SINALOA,4401,2020-06-02,4389,5.0
SINALOA,4404,2020-06-03,4401,5.0
SONORA,1,2020-03-11,0,14.0
SONORA,2,2020-03-11,0,13.0
SONORA,4,2020-03-12,2,13.0
SONORA,5,2020-03-13,4,13.0
SONORA,7,2020-03-16,5,19.5
SONORA,11,2020-03-17,7,17.0
SONORA,12,2020-03-18,11,19.0
SONORA,14,2020-03-19,12,16.0
SONORA,16,2020-03-20,14,19.5
SONORA,18,2020-03-22,16,19.0
SONORA,20,2020-03-23,18,20.0
SONORA,23,2020-03-24,20,18.5
SONORA,25,2020-03-25,23,21.0
SONORA,29,2020-03-26,25,22.0
SONORA,34,2020-03-27,29,20.0
SONORA,39,2020-03-28,34,17.0
SONORA,40,2020-03-30,39,22.0
SONORA,44,2020-03-31,40,20.5
SONORA,56,2020-04-01,44,18.0
SONORA,58,2020-04-02,56,18.0
SONORA,63,2020-04-03,58,18.0
SONORA,72,2020-04-04,63,17.0
SONORA,78,2020-04-05,72,17.0
SONORA,96,2020-04-06,78,15.0
SONORA,102,2020-04-07,96,15.0
SONORA,113,2020-04-08,102,15.0
SONORA,124,2020-04-09,113,15.0
SONORA,137,2020-04-10,124,15.0
SONORA,144,2020-04-11,137,15.0
SONORA,150,2020-04-12,144,15.5
SONORA,158,2020-04-13,150,16.0
SONORA,168,2020-04-14,158,16.0
SONORA,171,2020-04-15,168,17.0
SONORA,185,2020-04-16,171,17.0
SONORA,200,2020-04-17,185,17.0
SONORA,216,2020-04-18,200,17.0
SONORA,228,2020-04-19,216,18.0
SONORA,250,2020-04-20,228,18.0
SONORA,262,2020-04-21,250,18.0
SONORA,281,2020-04-22,262,18.0
SONORA,304,2020-04-23,281,18.0
SONORA,327,2020-04-24,304,19.0
SONORA,351,2020-04-25,327,18.0
SONORA,373,2020-04-26,351,18.0
SONORA,397,2020-04-27,373,18.0
SONORA,420,2020-04-28,397,19.0
SONORA,447,2020-04-29,420,18.0
SONORA,490,2020-04-30,447,17.0
SONORA,540,2020-05-01,490,16.0
SONORA,582,2020-05-02,540,15.0
SONORA,623,2020-05-03,582,15.0
SONORA,684,2020-05-04,623,14.0
SONORA,730,2020-05-05,684,14.0
SONORA,786,2020-05-06,730,13.0
SONORA,860,2020-05-07,786,12.0
SONORA,921,2020-05-08,860,11.0
SONORA,976,2020-05-09,921,11.0
SONORA,1065,2020-05-10,976,11.0
SONORA,1146,2020-05-11,1065,10.0
SONORA,1218,2020-05-12,1146,10.0
SONORA,1295,2020-05-13,1218,10.0
SONORA,1374,2020-05-14,1295,10.0
SONORA,1504,2020-05-15,1374,9.0
SONORA,1608,2020-05-16,1504,8.0
SONORA,1711,2020-05-17,1608,8.0
SONORA,1853,2020-05-18,1711,8.0
SONORA,1954,2020-05-19,1853,8.0
SONORA,2076,2020-05-20,1954,8.0
SONORA,2189,2020-05-21,2076,8.0
SONORA,2304,2020-05-22,2189,8.0
SONORA,2422,2020-05-23,2304,8.0
SONORA,2516,2020-05-24,2422,8.0
SONORA,2617,2020-05-25,2516,8.0
SONORA,2696,2020-05-26,2617,8.0
SONORA,2768,2020-05-27,2696,8.0
SONORA,2804,2020-05-28,2768,8.0
SONORA,2834,2020-05-29,2804,8.0
SONORA,2859,2020-05-30,2834,8.0
SONORA,2863,2020-05-31,2859,8.0
TABASCO,1,2020-03-09,0,19.5
TABASCO,2,2020-03-09,0,14.5
TABASCO,3,2020-03-09,0,9.5
TABASCO,5,2020-03-10,3,8.5
TABASCO,7,2020-03-13,5,10.5
TABASCO,9,2020-03-14,7,10.0
TABASCO,10,2020-03-15,9,10.5
TABASCO,13,2020-03-16,10,11.0
TABASCO,15,2020-03-17,13,11.0
TABASCO,21,2020-03-18,15,10.0
TABASCO,29,2020-03-19,21,8.0
TABASCO,34,2020-03-20,29,9.0
TABASCO,39,2020-03-21,34,9.0
TABASCO,43,2020-03-22,39,9.0
TABASCO,50,2020-03-23,43,10.0
TABASCO,57,2020-03-24,50,10.0
TABASCO,68,2020-03-25,57,9.0
TABASCO,74,2020-03-26,68,9.0
TABASCO,81,2020-03-27,74,10.0
TABASCO,97,2020-03-28,81,9.0
TABASCO,110,2020-03-29,97,9.0
TABASCO,122,2020-03-30,110,9.0
TABASCO,132,2020-03-31,122,9.0
TABASCO,144,2020-04-01,132,8.0
TABASCO,162,2020-04-02,144,8.0
TABASCO,175,2020-04-03,162,8.0
TABASCO,198,2020-04-04,175,8.0
TABASCO,216,2020-04-05,198,7.0
TABASCO,246,2020-04-06,216,7.0
TABASCO,278,2020-04-07,246,7.0
TABASCO,310,2020-04-08,278,7.0
TABASCO,350,2020-04-09,310,6.0
TABASCO,399,2020-04-10,350,5.0
TABASCO,425,2020-04-11,399,6.0
TABASCO,467,2020-04-12,425,5.0
TABASCO,515,2020-04-13,467,5.0
TABASCO,581,2020-04-14,515,5.0
TABASCO,628,2020-04-15,581,5.0
TABASCO,682,2020-04-16,628,5.0
TABASCO,737,2020-04-17,682,5.0
TABASCO,799,2020-04-18,737,4.0
TABASCO,871,2020-04-19,799,4.0
TABASCO,945,2020-04-20,871,4.0
TABASCO,1005,2020-04-21,945,4.0
TABASCO,1056,2020-04-22,1005,4.0
TABASCO,1111,2020-04-23,1056,4.0
TABASCO,1182,2020-04-24,1111,4.0
TABASCO,1238,2020-04-25,1182,4.0
TABASCO,1280,2020-04-26,1238,4.0
TABASCO,1333,2020-04-27,1280,4.0
TABASCO,1392,2020-04-28,1333,4.0
TABASCO,1444,2020-04-29,1392,4.0
TABASCO,1527,2020-04-30,1444,4.0
TABASCO,1615,2020-05-01,1527,4.0
TABASCO,1697,2020-05-02,1615,4.0
TABASCO,1776,2020-05-03,1697,4.0
TABASCO,1891,2020-05-04,1776,4.0
TABASCO,1997,2020-05-05,1891,4.0
TABASCO,2081,2020-05-06,1997,4.0
TABASCO,2192,2020-05-07,2081,4.0
TABASCO,2318,2020-05-08,2192,4.0
TABASCO,2420,2020-05-09,2318,4.0
TABASCO,2557,2020-05-10,2420,4.0
TABASCO,2691,2020-05-11,2557,4.0
TABASCO,2785,2020-05-12,2691,4.0
TABASCO,2882,2020-05-13,2785,4.0
TABASCO,3007,2020-05-14,2882,4.0
TABASCO,3170,2020-05-15,3007,4.0
TABASCO,3280,2020-05-16,3170,4.0
TABASCO,3383,2020-05-17,3280,4.0
TABASCO,3515,2020-05-18,3383,5.0
TABASCO,3653,2020-05-19,3515,5.0
TABASCO,3880,2020-05-20,3653,4.0
TABASCO,4014,2020-05-21,3880,4.0
TABASCO,4159,2020-05-22,4014,4.0
TABASCO,4300,2020-05-23,4159,4.0
TABASCO,4427,2020-05-24,4300,4.0
TABASCO,4627,2020-05-25,4427,4.0
TABASCO,4735,2020-05-26,4627,4.0
TABASCO,4838,2020-05-27,4735,4.0
TABASCO,4936,2020-05-28,4838,4.0
TABASCO,5048,2020-05-29,4936,4.0
TABASCO,5118,2020-05-30,5048,4.0
TABASCO,5169,2020-05-31,5118,4.0
TABASCO,5239,2020-06-01,5169,4.0
TABASCO,5253,2020-06-02,5239,4.0
TABASCO,5271,2020-06-03,5253,4.0
TABASCO,5289,2020-06-04,5271,1.0
TAMAULIPAS,1,2020-03-13,0,17.5
TAMAULIPAS,3,2020-03-14,1,18.5
TAMAULIPAS,6,2020-03-16,3,21.0
TAMAULIPAS,9,2020-03-20,6,23.5
TAMAULIPAS,11,2020-03-21,9,20.5
TAMAULIPAS,13,2020-03-22,11,22.5
TAMAULIPAS,14,2020-03-23,13,24.5
TAMAULIPAS,15,2020-03-24,14,23.5
TAMAULIPAS,21,2020-03-25,15,23.0
TAMAULIPAS,25,2020-03-26,21,23.0
TAMAULIPAS,28,2020-03-27,25,22.0
TAMAULIPAS,30,2020-03-28,28,22.0
TAMAULIPAS,31,2020-03-29,30,21.0
TAMAULIPAS,42,2020-03-30,31,18.5
TAMAULIPAS,48,2020-03-31,42,18.0
TAMAULIPAS,57,2020-04-01,48,17.0
TAMAULIPAS,62,2020-04-02,57,17.0
TAMAULIPAS,66,2020-04-03,62,16.0
TAMAULIPAS,75,2020-04-04,66,16.0
TAMAULIPAS,80,2020-04-05,75,16.0
TAMAULIPAS,84,2020-04-06,80,17.0
TAMAULIPAS,94,2020-04-07,84,17.0
TAMAULIPAS,101,2020-04-08,94,16.0
TAMAULIPAS,109,2020-04-09,101,16.0
TAMAULIPAS,121,2020-04-10,109,16.0
TAMAULIPAS,137,2020-04-11,121,16.0
TAMAULIPAS,150,2020-04-12,137,15.5
TAMAULIPAS,180,2020-04-13,150,15.0
TAMAULIPAS,203,2020-04-14,180,15.0
TAMAULIPAS,221,2020-04-15,203,15.0
TAMAULIPAS,246,2020-04-16,221,15.0
TAMAULIPAS,276,2020-04-17,246,13.0
TAMAULIPAS,299,2020-04-18,276,12.0
TAMAULIPAS,310,2020-04-19,299,12.0
TAMAULIPAS,343,2020-04-20,310,12.0
TAMAULIPAS,370,2020-04-21,343,12.0
TAMAULIPAS,393,2020-04-22,370,12.0
TAMAULIPAS,423,2020-04-23,393,11.0
TAMAULIPAS,449,2020-04-24,423,11.0
TAMAULIPAS,495,2020-04-25,449,11.0
TAMAULIPAS,530,2020-04-26,495,11.0
TAMAULIPAS,577,2020-04-27,530,11.0
TAMAULIPAS,609,2020-04-28,577,11.0
TAMAULIPAS,637,2020-04-29,609,11.0
TAMAULIPAS,661,2020-04-30,637,11.0
TAMAULIPAS,707,2020-05-01,661,11.0
TAMAULIPAS,731,2020-05-02,707,11.0
TAMAULIPAS,754,2020-05-03,731,11.0
TAMAULIPAS,790,2020-05-04,754,11.0
TAMAULIPAS,830,2020-05-05,790,11.0
TAMAULIPAS,858,2020-05-06,830,11.0
TAMAULIPAS,892,2020-05-07,858,11.0
TAMAULIPAS,912,2020-05-08,892,12.0
TAMAULIPAS,940,2020-05-09,912,13.0
TAMAULIPAS,972,2020-05-10,940,13.0
TAMAULIPAS,1014,2020-05-11,972,13.0
TAMAULIPAS,1056,2020-05-12,1014,14.0
TAMAULIPAS,1091,2020-05-13,1056,14.0
TAMAULIPAS,1146,2020-05-14,1091,14.0
TAMAULIPAS,1219,2020-05-15,1146,14.0
TAMAULIPAS,1268,2020-05-16,1219,14.0
TAMAULIPAS,1316,2020-05-17,1268,14.0
TAMAULIPAS,1392,2020-05-18,1316,14.0
TAMAULIPAS,1444,2020-05-19,1392,15.0
TAMAULIPAS,1512,2020-05-20,1444,15.0
TAMAULIPAS,1564,2020-05-21,1512,15.0
TAMAULIPAS,1624,2020-05-22,1564,16.0
TAMAULIPAS,1674,2020-05-23,1624,16.0
TAMAULIPAS,1720,2020-05-24,1674,16.0
TAMAULIPAS,1800,2020-05-25,1720,16.0
TAMAULIPAS,1853,2020-05-26,1800,16.0
TAMAULIPAS,1919,2020-05-27,1853,16.0
TAMAULIPAS,1966,2020-05-28,1919,16.0
TAMAULIPAS,2004,2020-05-29,1966,16.5
TAMAULIPAS,2033,2020-05-30,2004,17.0
TAMAULIPAS,2050,2020-05-31,2033,17.0
TAMAULIPAS,2071,2020-06-01,2050,16.0
TAMAULIPAS,2075,2020-06-02,2071,14.0
TLAXCALA,1,2020-03-16,0,27.0
TLAXCALA,2,2020-03-22,1,27.0
TLAXCALA,3,2020-03-23,2,28.0
TLAXCALA,5,2020-03-24,3,27.0
TLAXCALA,7,2020-03-25,5,29.0
TLAXCALA,8,2020-03-27,7,28.0
TLAXCALA,17,2020-03-28,8,26.0
TLAXCALA,19,2020-03-29,17,25.0
TLAXCALA,23,2020-03-30,19,27.0
TLAXCALA,26,2020-03-31,23,27.0
TLAXCALA,31,2020-04-01,26,26.0
TLAXCALA,36,2020-04-02,31,25.0
TLAXCALA,40,2020-04-03,36,26.0
TLAXCALA,48,2020-04-04,40,24.0
TLAXCALA,49,2020-04-05,48,24.0
TLAXCALA,51,2020-04-06,49,26.0
TLAXCALA,57,2020-04-07,51,24.0
TLAXCALA,66,2020-04-08,57,24.0
TLAXCALA,68,2020-04-09,66,24.0
TLAXCALA,80,2020-04-10,68,23.0
TLAXCALA,81,2020-04-11,80,24.0
TLAXCALA,83,2020-04-12,81,24.0
TLAXCALA,90,2020-04-13,83,23.5
TLAXCALA,102,2020-04-14,90,23.0
TLAXCALA,111,2020-04-15,102,23.0
TLAXCALA,121,2020-04-16,111,23.0
TLAXCALA,128,2020-04-17,121,23.0
TLAXCALA,137,2020-04-18,128,23.0
TLAXCALA,146,2020-04-19,137,23.0
TLAXCALA,167,2020-04-20,146,23.0
TLAXCALA,187,2020-04-21,167,23.0
TLAXCALA,195,2020-04-22,187,23.0
TLAXCALA,205,2020-04-23,195,23.0
TLAXCALA,222,2020-04-24,205,23.0
TLAXCALA,233,2020-04-25,222,23.0
TLAXCALA,251,2020-04-26,233,22.0
TLAXCALA,271,2020-04-27,251,23.0
TLAXCALA,278,2020-04-28,271,23.0
TLAXCALA,293,2020-04-29,278,23.0
TLAXCALA,315,2020-04-30,293,23.5
TLAXCALA,333,2020-05-01,315,24.0
TLAXCALA,349,2020-05-02,333,24.0
TLAXCALA,370,2020-05-03,349,23.0
TLAXCALA,395,2020-05-04,370,23.0
TLAXCALA,412,2020-05-05,395,23.5
TLAXCALA,452,2020-05-06,412,22.0
TLAXCALA,487,2020-05-07,452,22.0
TLAXCALA,519,2020-05-08,487,22.0
TLAXCALA,543,2020-05-09,519,23.0
TLAXCALA,584,2020-05-10,543,23.0
TLAXCALA,622,2020-05-11,584,23.0
TLAXCALA,649,2020-05-12,622,23.0
TLAXCALA,673,2020-05-13,649,23.0
TLAXCALA,711,2020-05-14,673,23.0
TLAXCALA,746,2020-05-15,711,23.0
TLAXCALA,778,2020-05-16,746,23.0
TLAXCALA,817,2020-05-17,778,23.0
TLAXCALA,864,2020-05-18,817,23.0
TLAXCALA,912,2020-05-19,864,23.0
TLAXCALA,965,2020-05-20,912,23.0
TLAXCALA,995,2020-05-21,965,23.0
TLAXCALA,1040,2020-05-22,995,23.0
TLAXCALA,1074,2020-05-23,1040,23.0
TLAXCALA,1102,2020-05-24,1074,23.0
TLAXCALA,1144,2020-05-25,1102,23.0
TLAXCALA,1165,2020-05-26,1144,23.0
TLAXCALA,1194,2020-05-27,1165,23.0
TLAXCALA,1226,2020-05-28,1194,23.0
TLAXCALA,1260,2020-05-29,1226,23.0
TLAXCALA,1275,2020-05-30,1260,23.0
TLAXCALA,1295,2020-05-31,1275,22.0
TLAXCALA,1310,2020-06-01,1295,20.0
TLAXCALA,1315,2020-06-02,1310,17.0
TLAXCALA,1316,2020-06-03,1315,11.0
VERACRUZ DE IGNACIO DE LA LLAVE,1,2020-03-03,0,3.0
VERACRUZ DE IGNACIO DE LA LLAVE,5,2020-03-12,1,9.0
VERACRUZ DE IGNACIO DE LA LLAVE,8,2020-03-14,5,11.5
VERACRUZ DE IGNACIO DE LA LLAVE,10,2020-03-15,8,10.5
VERACRUZ DE IGNACIO DE LA LLAVE,12,2020-03-16,10,12.0
VERACRUZ DE IGNACIO DE LA LLAVE,14,2020-03-17,12,12.0
VERACRUZ DE IGNACIO DE LA LLAVE,18,2020-03-18,14,12.0
VERACRUZ DE IGNACIO DE LA LLAVE,20,2020-03-19,18,10.0
VERACRUZ DE IGNACIO DE LA LLAVE,27,2020-03-20,20,11.0
VERACRUZ DE IGNACIO DE LA LLAVE,29,2020-03-21,27,12.0
VERACRUZ DE IGNACIO DE LA LLAVE,30,2020-03-22,29,12.5
VERACRUZ DE IGNACIO DE LA LLAVE,35,2020-03-23,30,13.0
VERACRUZ DE IGNACIO DE LA LLAVE,39,2020-03-25,35,14.0
VERACRUZ DE IGNACIO DE LA LLAVE,43,2020-03-26,39,14.0
VERACRUZ DE IGNACIO DE LA LLAVE,48,2020-03-27,43,14.0
VERACRUZ DE IGNACIO DE LA LLAVE,51,2020-03-28,48,14.5
VERACRUZ DE IGNACIO DE LA LLAVE,55,2020-03-29,51,13.5
VERACRUZ DE IGNACIO DE LA LLAVE,61,2020-03-30,55,14.0
VERACRUZ DE IGNACIO DE LA LLAVE,66,2020-03-31,61,13.0
VERACRUZ DE IGNACIO DE LA LLAVE,74,2020-04-01,66,13.0
VERACRUZ DE IGNACIO DE LA LLAVE,86,2020-04-02,74,13.0
VERACRUZ DE IGNACIO DE LA LLAVE,92,2020-04-03,86,13.5
VERACRUZ DE IGNACIO DE LA LLAVE,97,2020-04-04,92,14.0
VERACRUZ DE IGNACIO DE LA LLAVE,106,2020-04-05,97,14.0
VERACRUZ DE IGNACIO DE LA LLAVE,118,2020-04-06,106,13.0
VERACRUZ DE IGNACIO DE LA LLAVE,131,2020-04-07,118,13.0
VERACRUZ DE IGNACIO DE LA LLAVE,153,2020-04-08,131,13.0
VERACRUZ DE IGNACIO DE LA LLAVE,170,2020-04-09,153,12.0
VERACRUZ DE IGNACIO DE LA LLAVE,189,2020-04-10,170,12.0
VERACRUZ DE IGNACIO DE LA LLAVE,210,2020-04-11,189,11.0
VERACRUZ DE IGNACIO DE LA LLAVE,236,2020-04-12,210,10.0
VERACRUZ DE IGNACIO DE LA LLAVE,267,2020-04-13,236,9.0
VERACRUZ DE IGNACIO DE LA LLAVE,288,2020-04-14,267,9.0
VERACRUZ DE IGNACIO DE LA LLAVE,323,2020-04-15,288,9.0
VERACRUZ DE IGNACIO DE LA LLAVE,355,2020-04-16,323,8.0
VERACRUZ DE IGNACIO DE LA LLAVE,385,2020-04-17,355,8.0
VERACRUZ DE IGNACIO DE LA LLAVE,426,2020-04-18,385,8.0
VERACRUZ DE IGNACIO DE LA LLAVE,452,2020-04-19,426,8.0
VERACRUZ DE IGNACIO DE LA LLAVE,525,2020-04-20,452,8.0
VERACRUZ DE IGNACIO DE LA LLAVE,568,2020-04-21,525,8.0
VERACRUZ DE IGNACIO DE LA LLAVE,611,2020-04-22,568,8.0
VERACRUZ DE IGNACIO DE LA LLAVE,658,2020-04-23,611,8.0
VERACRUZ DE IGNACIO DE LA LLAVE,730,2020-04-24,658,8.0
VERACRUZ DE IGNACIO DE LA LLAVE,798,2020-04-25,730,8.0
VERACRUZ DE IGNACIO DE LA LLAVE,848,2020-04-26,798,7.0
VERACRUZ DE IGNACIO DE LA LLAVE,940,2020-04-27,848,7.0
VERACRUZ DE IGNACIO DE LA LLAVE,1020,2020-04-28,940,6.0
VERACRUZ DE IGNACIO DE LA LLAVE,1094,2020-04-29,1020,6.0
VERACRUZ DE IGNACIO DE LA LLAVE,1196,2020-04-30,1094,6.0
VERACRUZ DE IGNACIO DE LA LLAVE,1314,2020-05-01,1196,6.0
VERACRUZ DE IGNACIO DE LA LLAVE,1415,2020-05-02,1314,6.0
VERACRUZ DE IGNACIO DE LA LLAVE,1509,2020-05-03,1415,6.0
VERACRUZ DE IGNACIO DE LA LLAVE,1603,2020-05-04,1509,6.0
VERACRUZ DE IGNACIO DE LA LLAVE,1725,2020-05-05,1603,6.0
VERACRUZ DE IGNACIO DE LA LLAVE,1837,2020-05-06,1725,6.0
VERACRUZ DE IGNACIO DE LA LLAVE,1939,2020-05-07,1837,6.0
VERACRUZ DE IGNACIO DE LA LLAVE,2072,2020-05-08,1939,5.0
VERACRUZ DE IGNACIO DE LA LLAVE,2209,2020-05-09,2072,5.0
VERACRUZ DE IGNACIO DE LA LLAVE,2344,2020-05-10,2209,5.0
VERACRUZ DE IGNACIO DE LA LLAVE,2489,2020-05-11,2344,5.0
VERACRUZ DE IGNACIO DE LA LLAVE,2624,2020-05-12,2489,5.0
VERACRUZ DE IGNACIO DE LA LLAVE,2778,2020-05-13,2624,5.0
VERACRUZ DE IGNACIO DE LA LLAVE,2901,2020-05-14,2778,5.0
VERACRUZ DE IGNACIO DE LA LLAVE,3078,2020-05-15,2901,5.0
VERACRUZ DE IGNACIO DE LA LLAVE,3213,2020-05-16,3078,5.0
VERACRUZ DE IGNACIO DE LA LLAVE,3348,2020-05-17,3213,5.0
VERACRUZ DE IGNACIO DE LA LLAVE,3527,2020-05-18,3348,4.0
VERACRUZ DE IGNACIO DE LA LLAVE,3665,2020-05-19,3527,4.0
VERACRUZ DE IGNACIO DE LA LLAVE,3823,2020-05-20,3665,5.0
VERACRUZ DE IGNACIO DE LA LLAVE,3944,2020-05-21,3823,5.0
VERACRUZ DE IGNACIO DE LA LLAVE,4110,2020-05-22,3944,5.0
VERACRUZ DE IGNACIO DE LA LLAVE,4263,2020-05-23,4110,5.0
VERACRUZ DE IGNACIO DE LA LLAVE,4384,2020-05-24,4263,5.0
VERACRUZ DE IGNACIO DE LA LLAVE,4555,2020-05-25,4384,5.0
VERACRUZ DE IGNACIO DE LA LLAVE,4666,2020-05-26,4555,5.0
VERACRUZ DE IGNACIO DE LA LLAVE,4741,2020-05-27,4666,5.0
VERACRUZ DE IGNACIO DE LA LLAVE,4829,2020-05-28,4741,5.0
VERACRUZ DE IGNACIO DE LA LLAVE,4886,2020-05-29,4829,5.0
VERACRUZ DE IGNACIO DE LA LLAVE,4934,2020-05-30,4886,5.0
VERACRUZ DE IGNACIO DE LA LLAVE,4973,2020-05-31,4934,5.0
VERACRUZ DE IGNACIO DE LA LLAVE,4997,2020-06-01,4973,5.0
YUCATÁN,1,2020-03-07,0,7.5
YUCATÁN,4,2020-03-08,1,4.5
YUCATÁN,5,2020-03-09,4,6.0
YUCATÁN,8,2020-03-10,5,6.0
YUCATÁN,11,2020-03-11,8,6.0
YUCATÁN,12,2020-03-12,11,6.0
YUCATÁN,17,2020-03-13,12,6.0
YUCATÁN,20,2020-03-14,17,6.0
YUCATÁN,21,2020-03-15,20,7.0
YUCATÁN,23,2020-03-16,21,8.0
YUCATÁN,30,2020-03-17,23,6.0
YUCATÁN,35,2020-03-18,30,7.0
YUCATÁN,44,2020-03-19,35,6.0
YUCATÁN,47,2020-03-20,44,7.5
YUCATÁN,51,2020-03-21,47,8.0
YUCATÁN,56,2020-03-22,51,8.0
YUCATÁN,59,2020-03-23,56,8.0
YUCATÁN,62,2020-03-24,59,9.0
YUCATÁN,63,2020-03-25,62,10.0
YUCATÁN,66,2020-03-26,63,11.0
YUCATÁN,70,2020-03-27,66,11.0
YUCATÁN,76,2020-03-28,70,11.0
YUCATÁN,83,2020-03-29,76,11.0
YUCATÁN,88,2020-03-30,83,11.0
YUCATÁN,93,2020-03-31,88,11.0
YUCATÁN,101,2020-04-01,93,11.5
YUCATÁN,108,2020-04-02,101,12.0
YUCATÁN,119,2020-04-03,108,12.0
YUCATÁN,126,2020-04-04,119,12.0
YUCATÁN,131,2020-04-05,126,12.0
YUCATÁN,142,2020-04-06,131,12.0
YUCATÁN,154,2020-04-07,142,12.0
YUCATÁN,166,2020-04-08,154,12.0
YUCATÁN,169,2020-04-09,166,13.0
YUCATÁN,178,2020-04-10,169,13.0
YUCATÁN,196,2020-04-11,178,13.0
YUCATÁN,216,2020-04-12,196,12.0
YUCATÁN,232,2020-04-13,216,12.0
YUCATÁN,241,2020-04-14,232,12.0
YUCATÁN,254,2020-04-15,241,12.5
YUCATÁN,271,2020-04-16,254,12.0
YUCATÁN,289,2020-04-17,271,11.0
YUCATÁN,311,2020-04-18,289,11.0
YUCATÁN,338,2020-04-19,311,11.0
YUCATÁN,367,2020-04-20,338,11.0
YUCATÁN,399,2020-04-21,367,10.0
YUCATÁN,413,2020-04-22,399,10.0
YUCATÁN,445,2020-04-23,413,10.0
YUCATÁN,483,2020-04-24,445,10.0
YUCATÁN,517,2020-04-25,483,10.0
YUCATÁN,556,2020-04-26,517,10.0
YUCATÁN,608,2020-04-27,556,10.0
YUCATÁN,640,2020-04-28,608,10.0
YUCATÁN,660,2020-04-29,640,10.0
YUCATÁN,704,2020-04-30,660,10.0
YUCATÁN,744,2020-05-01,704,10.0
YUCATÁN,781,2020-05-02,744,10.0
YUCATÁN,804,2020-05-03,781,10.0
YUCATÁN,845,2020-05-04,804,10.0
YUCATÁN,878,2020-05-05,845,10.0
YUCATÁN,911,2020-05-06,878,10.0
YUCATÁN,950,2020-05-07,911,10.0
YUCATÁN,997,2020-05-08,950,10.0
YUCATÁN,1036,2020-05-09,997,10.0
YUCATÁN,1093,2020-05-10,1036,10.0
YUCATÁN,1143,2020-05-11,1093,11.0
YUCATÁN,1185,2020-05-12,1143,11.0
YUCATÁN,1227,2020-05-13,1185,11.0
YUCATÁN,1266,2020-05-14,1227,12.0
YUCATÁN,1325,2020-05-15,1266,13.0
YUCATÁN,1378,2020-05-16,1325,13.0
YUCATÁN,1424,2020-05-17,1378,13.0
YUCATÁN,1484,2020-05-18,1424,13.0
YUCATÁN,1517,2020-05-19,1484,13.0
YUCATÁN,1580,2020-05-20,1517,13.0
YUCATÁN,1632,2020-05-21,1580,13.0
YUCATÁN,1687,2020-05-22,1632,13.0
YUCATÁN,1732,2020-05-23,1687,15.0
YUCATÁN,1797,2020-05-24,1732,13.0
YUCATÁN,1845,2020-05-25,1797,15.0
YUCATÁN,1891,2020-05-26,1845,15.0
YUCATÁN,1922,2020-05-27,1891,15.0
YUCATÁN,1961,2020-05-28,1922,17.0
YUCATÁN,2004,2020-05-29,1961,16.5
YUCATÁN,2029,2020-05-30,2004,18.0
YUCATÁN,2049,2020-05-31,2029,18.0
YUCATÁN,2078,2020-06-01,2049,15.0
YUCATÁN,2091,2020-06-02,2078,13.0
YUCATÁN,2098,2020-06-03,2091,9.0
ZACATECAS,1,2020-03-09,0,19.5
ZACATECAS,2,2020-03-12,1,19.5
ZACATECAS,3,2020-03-16,2,26.0
ZACATECAS,4,2020-03-17,3,23.0
ZACATECAS,5,2020-03-18,4,25.0
ZACATECAS,8,2020-03-19,5,19.5
ZACATECAS,10,2020-03-21,8,23.0
ZACATECAS,11,2020-03-22,10,25.0
ZACATECAS,13,2020-03-31,11,29.5
ZACATECAS,15,2020-04-02,13,30.0
ZACATECAS,17,2020-04-03,15,30.0
ZACATECAS,18,2020-04-06,17,30.5
ZACATECAS,19,2020-04-07,18,28.0
ZACATECAS,25,2020-04-08,19,30.0
ZACATECAS,26,2020-04-09,25,30.0
ZACATECAS,31,2020-04-10,26,30.0
ZACATECAS,35,2020-04-11,31,30.0
ZACATECAS,37,2020-04-12,35,30.0
ZACATECAS,39,2020-04-13,37,30.0
ZACATECAS,42,2020-04-14,39,30.0
ZACATECAS,43,2020-04-15,42,30.0
ZACATECAS,50,2020-04-16,43,30.0
ZACATECAS,52,2020-04-17,50,30.0
ZACATECAS,57,2020-04-18,52,30.0
ZACATECAS,63,2020-04-19,57,30.0
ZACATECAS,68,2020-04-20,63,30.0
ZACATECAS,70,2020-04-21,68,29.5
ZACATECAS,74,2020-04-22,70,30.0
ZACATECAS,77,2020-04-23,74,30.0
ZACATECAS,80,2020-04-24,77,30.0
ZACATECAS,82,2020-04-25,80,30.0
ZACATECAS,87,2020-04-26,82,30.0
ZACATECAS,104,2020-04-27,87,30.0
ZACATECAS,111,2020-04-28,104,30.0
ZACATECAS,118,2020-04-29,111,30.0
ZACATECAS,122,2020-04-30,118,30.0
ZACATECAS,127,2020-05-01,122,30.0
ZACATECAS,134,2020-05-02,127,30.0
ZACATECAS,135,2020-05-03,134,30.0
ZACATECAS,143,2020-05-04,135,30.0
ZACATECAS,153,2020-05-05,143,30.0
ZACATECAS,161,2020-05-06,153,30.0
ZACATECAS,167,2020-05-07,161,30.0
ZACATECAS,173,2020-05-08,167,30.0
ZACATECAS,176,2020-05-09,173,30.0
ZACATECAS,187,2020-05-10,176,30.0
ZACATECAS,190,2020-05-11,187,30.0
ZACATECAS,200,2020-05-12,190,30.0
ZACATECAS,204,2020-05-13,200,30.0
ZACATECAS,215,2020-05-14,204,30.0
ZACATECAS,220,2020-05-15,215,30.0
ZACATECAS,223,2020-05-16,220,31.0
ZACATECAS,229,2020-05-17,223,31.0
ZACATECAS,241,2020-05-18,229,31.0
ZACATECAS,249,2020-05-19,241,31.0
ZACATECAS,258,2020-05-20,249,31.0
ZACATECAS,261,2020-05-21,258,31.0
ZACATECAS,277,2020-05-22,261,31.0
ZACATECAS,282,2020-05-23,277,31.0
ZACATECAS,287,2020-05-24,282,31.0
ZACATECAS,300,2020-05-25,287,31.0
ZACATECAS,305,2020-05-26,300,31.0
ZACATECAS,317,2020-05-27,305,31.0
ZACATECAS,324,2020-05-28,317,31.0
ZACATECAS,330,2020-05-29,324,31.0
ZACATECAS,338,2020-05-30,330,31.0
ZACATECAS,348,2020-05-31,338,30.0
ZACATECAS,360,2020-06-01,348,28.0
ZACATECAS,364,2020-06-02,360,25.0
ZACATECAS,368,2020-06-03,364,14.0
